T_ms,T2_ms2,upper_probability,lower_probability
0.0,0.0,33.668781624533615,43.87597504209093
0.02337228714524207,0.0005462638063996478,33.66987036918464,43.87752996824651
0.04674457429048414,0.002185055225598591,33.67313662958868,43.882194786849176
0.07011686143572621,0.004916374257596829,33.6785804843952,43.889969617302434
0.09348914858096828,0.008740220902394364,33.68620206234179,43.900854655264446
0.11686143572621036,0.013656595159991194,33.6960015387369,43.91485016762638
0.14023372287145242,0.019665497030387315,33.70797913053522,43.931956485481635
0.1636060100166945,0.026766926513582742,33.72213509000572,43.95217399508559
0.18697829716193656,0.034960883609577456,33.738469696991885,43.97550312680547
0.21035058430717862,0.04424736831837146,33.75698324976389,44.001944342059836
0.2337228714524207,0.05462638063996478,33.77767605446234,44.03149811824698
0.2570951585976628,0.06609792057435739,33.800548413133306,44.064164931662006
0.28046744574290483,0.07866198812154926,33.825600610354286,44.09994523840185
0.3038397328881469,0.09231858328154047,33.85283289845101,44.138839453258136
0.327212020033389,0.10706770605433097,33.88224548130484,44.18084792659738
0.35058430717863104,0.12290935643992072,33.913838496750984,44.225970919228885
0.3739565943238731,0.13984353443830982,33.94761199756767,44.274208575260225
0.3973288814691152,0.1578702400494982,33.98356593105682,44.32556089294127
0.42070116861435725,0.17698947327348585,34.02170011721705,44.380027693497574
0.44407345575959933,0.19720123411027282,34.06201422551003,44.43760858795474
0.4674457429048414,0.2185055225598591,34.104507750221934,44.49830294195583
0.49081803005008345,0.2409023386222446,34.14917998442185,44.5621098385746
0.5141903171953256,0.26439168229742954,34.19602999251981,44.62902803912815
0.5375626043405676,0.2889735535854136,34.2450565814276,44.699055941993294
0.5609348914858097,0.31464795248619704,34.29625827032617,44.772191539432086
0.5843071786310517,0.3414148789997798,34.34963325904441,44.84843237243292
0.6076794657762938,0.36927433312616187,34.405179395054546,44.927775483574905
0.6310517529215359,0.3982263148653432,34.46289413909074,45.01021736792446
0.654424040066778,0.4282708242173239,34.5227745293983,45.09575392197448
0.67779632721202,0.4594078611821037,34.584817144621894,45.18438039063818
0.7011686143572621,0.4916374257596829,34.64901806534268,45.27609131231133
0.7245409015025042,0.5249595179500615,34.71537283427531,45.37088046201834
0.7479131886477463,0.5593741377532393,34.78387641513723,45.468740792659844
0.7712854757929883,0.5948812851692165,34.85452315020438,45.56966437438166
0.7946577629382304,0.6314809601979928,34.927306716568786,45.67364233208688
0.8180300500834725,0.6691731628395685,35.00222008111541,45.78066478111594
0.8414023372287145,0.7079578930939434,35.07925545423749,45.890720761121614
0.8647746243739566,0.7478351509611177,35.15840424231148,46.00379816816909
0.8881469115191987,0.7888049364410913,35.239656998954935,46.1198836850939
0.9115191986644408,0.8308672495338643,35.3230033750928,46.23896271015411
0.9348914858096828,0.8740220902394364,35.408432067859856,46.36101928401596
0.9582637729549249,0.918269458557808,35.49593076836977,46.48603601511619
0.9816360601001669,0.9636093544889784,35.58548610838358,46.613994003447694
1.005008347245409,1.0100417780329485,35.677083605913325,46.7448727628191
1.0283806343906512,1.0575667291897182,35.77070760979928,46.87865014164312
1.0517529215358932,1.1061842079592867,35.86634124330249,47.015302242312586
1.0751252086811351,1.1558942143416544,35.96396634675713,47.15480333922785
1.0984974958263773,1.2066967483368218,36.06356341933088,47.297125795543636
1.1218697829716193,1.2585918099447881,36.16511155994457,47.4422399787086
1.1452420701168615,1.3115793991655544,36.26858840740626,47.59011417487573
1.1686143572621035,1.3656595159991192,36.373970079818335,47.740714502267174
1.1919866444073457,1.420832160445484,36.48123111332029,47.8940048235825
1.2153589315525877,1.4770973325046475,36.59034440023375,48.049946657545114
1.2387312186978297,1.5344550321766102,36.701281126680385,48.208499089687535
1.2621035058430718,1.5929052594613728,36.8140107097478,48.36961868248213
1.2854757929883138,1.6524480143589342,36.92850073428266,48.533259384930474
1.308848080133556,1.7130832968692955,37.044716889395154,48.69937244173082
1.332220367278798,1.7748111069924555,37.16262290476325,48.86790630214984
1.35559265442404,1.8376314447284148,37.28218048683027,49.0388065287317
1.3789649415692822,1.9015443100771738,37.403349254994076,49.212015705984626
1.4023372287145242,1.9665497030387316,37.526086677891314,49.38747334919228
1.4257095158597664,2.0326476236130895,37.650348009885285,49.56511581350452
1.4490818030050083,2.099838071800246,37.77608622787122,49.74487620346996
1.4724540901502505,2.168121047600202,37.903251968518305,49.92668428318013
1.4958263772954925,2.237496551012957,38.031793466073054,50.110466387203054
1.5191986644407345,2.3079645820385113,38.16165649085443,50.29614533249196
1.5425709515859767,2.379525140676866,38.29278428857653,50.48364033146291
1.5659432387312187,2.4521782269280186,38.42511752064057,50.67286690644331
1.5893155258764609,2.5259238407919713,38.558594205543685,50.86373680570166
1.6126878130217028,2.6007619822687227,38.69314966155763,51.05615792127705
1.636060100166945,2.676692651358274,38.828716450836836,51.25003420883549
1.659432387312187,2.753715848060624,38.96522432512075,51.44526560978859
1.682804674457429,2.8318315723757737,39.10260017320149,51.64174797591854
1.7061769616026712,2.9110398243037228,39.240767970333884,51.83937299676186
1.7295492487479132,2.991340603844471,39.37964872977076,52.03802813001291
1.7529215358931554,3.0727339109980187,39.519160456612184,52.23759653521653
1.7762938230383973,3.155219745764365,39.659218104163436,52.43795701102759
1.7996661101836393,3.238798108143511,39.799733533002055,52.63898393632347
1.8230383973288815,3.323468998135457,39.94061547296017,52.84054721546381
1.8464106844741235,3.409232415740201,40.081769488233824,53.04251222799968
1.8697829716193657,3.4960883609577458,40.223097945836614,53.24473978314247
1.8931552587646077,3.5840368337880886,40.36449998762012,53.447086079310125
1.9165275459098499,3.673077834231232,40.50587150608911,53.64940266907611
1.9398998330550918,3.7632113622871732,40.64710512424399,53.851536429853496
1.9632721202003338,3.8544374179559138,40.78809017968844,54.05332954065329
1.986644407345576,3.9467560012374547,40.9287127132439,54.25461946526295
2.010016694490818,4.040167112131794,41.068855462317586,54.455238942196885
2.03338898163606,4.134670750638933,41.20839785927427,54.65501598177661
2.0567612687813024,4.230266916758873,41.347216035065685,54.853773870703385
2.0801335559265444,4.32695561049161,41.485182828374995,55.05133118449102
2.1035058430717863,4.424736831837147,41.62216780053643,55.247501808130615
2.1268781302170283,4.5236105807954825,41.758037256492756,55.442094965362706
2.1502504173622703,4.623576857366618,41.892654272055296,55.6349152569352
2.1736227045075127,4.724635661550554,42.02587872773278,55.825762708227685
2.1969949916527547,4.826786993347287,42.15756734939627,56.01443282662439
2.2203672787979967,4.930030852756821,42.287573756047976,56.200716669018746
2.2437395659432386,5.034367239779153,42.41574851496158,56.38440091983218
2.2671118530884806,5.1397961544142845,42.54193920446093,56.56526797992918
2.290484140233723,5.246317596662218,42.665990484602744,56.743096066808334
2.313856427378965,5.353931566522948,42.78774417602641,56.91765932644629
2.337228714524207,5.462638063996477,42.90703934723165,57.08872795716748
2.360601001669449,5.572437089082806,43.02371241054079,57.25606834590735
2.3839732888146914,5.683328641781936,43.13759722699782,57.41944321723049
2.4073455759599334,5.795312722093863,43.24852522045161,57.57861179545742
2.4307178631051753,5.90838933001859,43.356325501063736,57.73332998024527
2.4540901502504173,6.0225584655561155,43.460824998474635,57.88335053595681
2.4774624373956593,6.137820128706441,43.56184860485353,58.02842329514139
2.5008347245409017,6.254174319469568,43.65921932804819,58.16829537643774
2.5242070116861437,6.371621037845491,43.75275845504056,58.30271141719429
2.5475792988313857,6.490160283834214,43.842285725902855,58.43141382108636
2.5709515859766277,6.609792057435737,43.927619518435975,58.55414302099213
2.5943238731218696,6.730516358650059,44.00857704365893,58.6706377573692
2.617696160267112,6.852333187477182,44.08497455230242,58.780635372353196
2.641068447412354,6.975242543917102,44.15662755244413,58.8838721197761
2.664440734557596,7.099244427969822,44.22335103840551,58.9800834912779
2.687813021702838,7.22433883963534,44.284959731011284,59.069004558657866
2.71118530884808,7.350525778913659,44.34126832929265,59.15037033258365
2.7345575959933224,7.477805245804778,44.392091773693885,59.223916137745604
2.7579298831385644,7.606177240308695,44.43724552081909,59.28937800451122
2.7813021702838063,7.735641762425411,44.47654582973163,59.34649307710012
2.8046744574290483,7.866198812154926,44.50981005979293,59.395000038263355
2.8280467445742907,7.997848389497244,44.536856980000536,59.434639550411966
2.8514190317195327,8.130590494452358,44.55750708975614,59.46515471309932
2.8747913188647747,8.26442512702027,44.571582950964896,59.48629153671838
2.8981636060100167,8.399352287200983,44.578909531334986,59.49779943223053
2.9215358931552586,8.535371974994495,44.5793145587141,59.499431716695
2.944908180300501,8.672484190400809,44.57262888626433,59.49094613431912
2.968280467445743,8.810688933419918,44.55868686824143,59.47210539269794
2.991652754590985,8.949986204051829,44.537326746106594,59.44267771385859
3.015025041736227,9.090376002296537,44.508391044660314,59.402437399669104
3.038397328881469,9.231858328154045,44.4717269778473,59.351165411113925
3.0617696160267114,9.374433181624356,44.42718686383985,59.28864996087908
3.0851419031719534,9.518100562707463,44.37462854896426,59.2146871186282
3.1085141903171953,9.662860471403368,44.31391583998992,59.12908142828763
3.1318864774624373,9.808712907712074,44.24491894425596,59.03164653659368
3.1552587646076793,9.955657871633578,44.16751491706285,58.92220583208834
3.1786310517529217,10.103695363167885,44.08158811570891,58.80059309368121
3.2020033388981637,10.252825382314988,43.98703065950234,58.66665314782598
3.2253756260434057,10.40304792907489,43.883742895029975,58.520242533287934
3.2487479131886476,10.554363003447593,43.77163386591269,58.36123017240677
3.27212020033389,10.706770605433096,43.65062178622603,58.189498047685355
3.295492487479132,10.860270735031397,43.52063451671244,58.004941882460216
3.318864774624374,11.014863392242496,43.38161004285856,57.80747182433426
3.342237061769616,11.170548577066397,43.23349695385788,57.59701312997614
3.365609348914858,11.327326289503095,43.07625492142556,57.373506849814234
3.3889816360601004,11.485196529552594,42.90985517737849,57.136910511076316
3.4123539232053424,11.644159297214891,42.73428098884015,56.88719879754962
3.4357262103505843,11.804214592489988,42.54952812987615,56.62436422435924
3.4590984974958263,11.965362415377884,42.355605348313574,56.34841780598687
3.4824707846410683,12.127602765878578,42.15253482644418,56.05938971567699
3.5058430717863107,12.290935643992075,41.9403526342602,55.75732993430289
3.5292153589315527,12.455361049718368,41.71910917382018,55.44230888669252
3.5525876460767947,12.62087898305746,41.48886961329281,55.11441806334271
3.5759599332220366,12.787489444009353,41.24971430917819,54.77377062538099
3.5993322203672786,12.955192432574044,41.00173921515929,54.420501990567544
3.622704507512521,13.123987948751537,40.74505627599161,54.05477039806502
3.646076794657763,13.293875992541828,40.47979380479602,53.676757449643134
3.669449081803005,13.464856563944917,40.206096842079596,53.286668624926584
3.692821368948247,13.636929662960805,39.924127494771575,52.88473376824086
3.7161936560934894,13.810095289589496,39.63406525352647,52.4712075445604
3.7395659432387314,13.984353443830983,39.336107286515244,52.04636986201827
3.7629382303839733,14.159704125685268,39.03046870789679,51.610526258395566
3.7863105175292153,14.336147335152354,38.71738281913839,51.16400824897453
3.8096828046744573,14.513683072232238,38.39710132133314,50.707173633109264
3.8330550918196997,14.692311336924927,38.06989449664672,50.24040675684572
3.8564273789649417,14.87203212923041,37.73605135701523,49.76411872890628
3.8797996661101837,15.052845449148693,37.39587975820932,49.27874758734484
3.9031719532554257,15.234751296679775,37.049706477379885,48.78475841417806
3.9265442404006676,15.417749671823655,36.69787725220528,48.28264339530403
3.94991652754591,15.60184057458034,36.34075677977143,47.77292182303589
3.973288814691152,15.787024004949819,35.9787286733336,47.25614003860202
3.996661101836394,15.9732999629321,35.612195375132586,46.73287131199806
4.020033388981636,16.160668448527176,35.24157802346957,46.203715656620254
4.043405676126878,16.349129461735053,34.86731627228175,45.66929957616343
4.06677796327212,16.538683002555732,34.48986806150703,45.13027574133201
4.090150250417362,16.72932907098921,34.10970933657984,44.587322593988254
4.113522537562605,16.92106766703549,33.72733371546168,44.04114387645007
4.136894824707847,17.113898790694567,33.34325210168079,43.49246808374998
4.160267111853089,17.30782244196644,32.95799224193353,42.942047836778855
4.183639398998331,17.502838620851115,32.57209822688851,42.3906591743628
4.207011686143573,17.698947327348588,32.186129933930765,41.83910076245919
4.230383973288815,17.89614856145886,31.800662410689682,41.288193018808066
4.253756260434057,18.09444232318193,31.416285198309797,40.73877715154032
4.277128547579299,18.2938286125178,31.033601593548862,40.191714110421444
4.300500834724541,18.49430742946647,30.65322784892216,39.64788344960148
4.3238731218697835,18.695878774027946,30.275792310256985,39.108182100948156
4.347245409015025,18.898542646202216,29.90193449117554,38.57352305725958
4.370617696160267,19.102299045989284,29.53230408418878,38.044833964887204
4.393989983305509,19.30714797338915,29.167559908258305,37.523055625548054
4.417362270450751,19.513089428401816,28.80836879286712,37.00914040736705
4.440734557595993,19.720123411027284,28.45540439883407,36.50405056546681
4.464106844741235,19.928249921265547,28.10934597630998,36.00875647271177
4.487479131886477,20.13746895911661,27.77087706060655,35.52423476151697
4.510851419031719,20.347780524580475,27.440684106730714,35.05146637794838
4.534223706176961,20.559184617657138,27.11945506372821,34.59143454967037
4.557595993322204,20.77168123834661,26.807877890179554,34.14512266963801
4.580968280467446,20.98527038664887,26.506639012439138,33.71351209778482
4.604340567612688,21.19995206256393,26.216421727463413,33.29757988332028
4.62771285475793,21.41572626609179,25.93790455233708,32.89829641062753
4.651085141903172,21.63259299723245,25.67175952287519,32.51662297213464
4.674457429048414,21.850552255985907,25.418650443954405,32.15350927192655
4.697829716193656,22.069604042352164,25.17923109450772,31.809890864265483
4.721202003338898,22.289748356331224,24.95414339040206,31.48668653159543
4.74457429048414,22.51098519792308,24.7440155087076,31.18479560701895
4.767946577629383,22.733314567127746,24.549459977159803,30.905095246652312
4.791318864774625,22.956736463945198,24.371071732909584,30.648437657685676
4.814691151919867,23.181250888375452,24.209426154952133,30.415647288396357
4.838063439065109,23.406857840418507,24.06507707492048,30.20751798678632
4.861435726210351,23.63355732007436,23.93855477122385,30.024810134934732
4.884808013355593,23.861349327343014,23.8303639518028,29.868247766574353
4.908180300500835,24.090233862224462,23.74098173106139,29.738515675812597
4.931552587646077,24.320210924718715,23.670855606819792,29.63625652532368
4.954924874791319,24.551280514825763,23.62040144340814,29.56206796273488
4.978297161936561,24.783442632545615,23.590001467291387,29.516499754315486
5.001669449081803,25.016697277878272,23.580002281875505,29.500050945450067
5.025041736227045,25.25104445082372,23.590712908394543,29.513167057734982
5.048414023372287,25.486484151381966,23.622402860015406,29.55623733287733
5.071786310517529,25.723016379553012,23.675300256520416,29.629592033895953
5.095158597662771,25.960641135336857,23.74958998713546,29.73349981442238
5.118530884808013,26.199358418733503,23.845411929262,29.868165167173416
5.141903171953255,26.439168229742947,23.962859231042618,30.03372596291393
5.165275459098497,26.680070568365192,24.101976665840688,30.230251091445833
5.188647746243739,26.922065434600235,24.262759066842953,30.457738216344634
5.212020033388982,27.165152828448086,24.445149850097984,30.71611165531604
5.235392320534224,27.409332749908728,24.649039634381552,31.005220398159096
5.258764607679466,27.654605198982168,24.874264966330525,31.324836274396944
5.282136894824708,27.90097017566841,25.120607159307614,31.67465228266898
5.30550918196995,28.148427679967448,25.387791254449354,32.05428109396634
5.328881469115192,28.396977711879288,25.675485112306554,32.46325374073444
5.352253756260434,28.646620271403926,25.983298643409075,32.90101850375841
5.375626043405676,28.89735535854136,26.310783185973357,33.36694000858871
5.398998330550918,29.149182973291598,26.657431038820082,33.860298543051655
5.42237061769616,29.402103115654636,27.02267515737963,34.38028960712185
5.445742904841403,29.65611578563048,27.405889020432816,34.92602370610842
5.469115191986645,29.911220983219113,27.806386674962734,35.49652639772228
5.492487479131887,30.16741870842055,28.223422966179733,36.09073860314699
5.515859766277129,30.42470896123478,28.65619395942331,36.707517191727916
5.539232053422371,30.683091741661812,29.10383756024317,37.34563584832432
5.562604340567613,30.942567049701644,29.56543433851418,38.003786231733606
5.585976627712855,31.203134885354277,30.04000856194726,38.680579431897016
5.609348914858097,31.464795248619705,30.526529443819587,39.374547732829825
5.632721202003339,31.727548139497934,31.023912609162565,40.08414668738838
5.6560934891485815,31.991393557988975,31.531021783015102,40.8077575090875
5.679465776293823,32.2563315040928,32.04667070367304,41.54368978521956
5.702838063439065,32.52236197780943,32.56962526314395,42.290184514499416
5.726210350584307,32.789484979138855,33.09860587624905,43.04541747136575
5.749582637729549,33.05770050808108,33.63229007900497,43.80750289791787
5.772954924874791,33.32700856463611,34.16931535606456,44.574497523250905
5.796327212020033,33.59740914880393,34.708282196103504,45.34440490867966
5.819699499165275,33.868902260584555,35.24775737310613,46.115180116012475
5.843071786310517,34.14148789997798,35.7862774505355,46.88473469465448
5.866444073455759,34.4151660669842,36.32235250436773,47.650941981887286
5.889816360601002,34.689936761603235,36.8544700599359,48.41164270919561
5.913188647746244,34.965799983835055,37.381099236462425,49.164650905990605
5.936560934891486,35.24275573367967,37.90069509207021,49.90776009052543
5.959933222036728,35.520804011137095,38.41170316094827,50.63874973620832
5.98330550918197,35.799944816207315,38.91256417321809,51.35539199990552
6.006677796327212,36.08017814889033,39.401718946901816,52.055458697191156
6.030050083472454,36.36150400918615,39.877613440238996,52.73672850785236
6.053422370617696,36.64392239709476,40.33870395143994,53.3969943933025
6.076794657762938,36.92743331261618,40.783462451805434,54.03407120589959
6.100166944908181,37.21203675575041,41.21038203698994,54.645803468519794
6.123539232053423,37.497732726497425,41.61798248004467,55.23007330110395
6.146911519198665,37.78452122485724,42.00481586875345,55.784808469288606
6.170283806343907,38.07240225082985,42.36947230867451,56.30799052865855
6.193656093489149,38.36137580441526,42.71058567223157,56.79766303662686
6.217028380634391,38.65144188561347,43.02683937316502,57.25193980246908
6.240400667779633,38.94260049442448,43.316972144663936,57.66901314461981
6.263772954924875,39.2348516308483,43.57978379856111,58.04716212299354
6.287145242070117,39.5281952948849,43.8141409420915,58.384760712826946
6.310517529215359,39.82263148653431,44.01898262789784,58.680285885366395
6.333889816360601,40.118160205796535,44.19332591222219,58.93232555965359
6.357262103505843,40.41478145267154,44.33627129555695,59.13958638870442
6.380634390651085,40.712495227159344,44.44700801944964,59.30090134254053
6.404006677796327,41.01130152925995,44.52481919267073,59.41523704983142
6.427378964941569,41.31120035897336,44.56908671956961,59.48170085934703
6.450751252086811,41.61219171629956,44.57929600316745,59.49954758201605
6.474123539232053,41.914275601238565,44.55504039537473,59.468185874144446
6.497495826377295,42.21745201379037,44.496025366680826,59.38718422228088
6.520868113522537,42.521720953954976,44.40207236775156,59.25627649032969
6.54424040066778,42.827082421732385,44.27312235559198,59.075366989817326
6.567612687813022,43.13353641712259,44.1092389572934,58.844535034721815
6.590984974958264,43.44108294012559,43.910611244889495,58.56403894298504
6.614357262103506,43.74972199074139,43.67755609550189,58.23431944775101
6.637729549248748,44.059453568969985,43.41052011176521,57.856002482516
6.66110183639399,44.37027767481138,43.110081078487376,57.42990130574314
6.684474123539232,44.682194308265586,42.77694893262844,56.95701793208993
6.707846410684474,44.99520346933258,42.41196622496966,56.43854383922485
6.731218697829716,45.30930515801238,42.01610805329815,55.87585992127032
6.754590984974958,45.624499374304975,41.590481448549795,55.27053566220728
6.777963272120201,45.940786118210376,41.13632419713541,54.62432750510736
6.801335559265443,46.258165389728575,40.655003084620525,53.93917639582465
6.824707846410685,46.576637188859564,40.1480115480358,53.2172044827749
6.848080133555927,46.89620151560336,39.61696672635995,52.46071095765191
6.871452420701169,47.21685836995995,39.063605901136576,51.67216702537454
6.894824707846411,47.53860775192934,38.48978232175322,50.85420999521291
6.918196994991653,47.861449661511536,37.89746041262282,50.00963648890388
6.941569282136895,48.18538409870652,37.28871036235282,49.14139476562009
6.964941569282137,48.51041106351431,36.66570209795975,48.25257616789245
6.9883138564273795,48.836530555934914,36.030698650277444,47.34640569699216
7.011686143572621,49.1637425759683,35.3860489199018,46.42623173083291
7.035058430717863,49.49204712361448,34.734179856304664,45.495514902147576
7.058430717863105,49.82144419887347,34.07758806612068,44.55781615950257
7.081803005008347,50.15193380174526,33.418830870045966,43.61678403861633
7.105175292153589,50.48351593222984,32.76051683127618,42.676141176428644
7.128547579298831,50.81619059032723,32.10529578193185,41.739670105394666
7.151919866444073,51.14995777603741,31.455848377457265,40.8111983705326
7.175292153589315,51.484817489360395,30.81487521251362,39.89458301680413
7.198664440734557,51.82076973029618,30.18508553540082,38.99369449942953
7.2220367278798,52.15781449884477,29.56918560151148,38.112400074701185
7.245409015025042,52.49595179500615,28.969866709727626,37.2545467337318
7.268781302170284,52.83518161878033,28.389792968988434,36.42394374632348
7.292153589315526,53.17550397016731,27.83158884546823,35.62434488674144
7.315525876460768,53.51691884916709,27.297826543880802,34.859430417583944
7.33889816360601,53.85942625577967,26.791013279345673,34.13278891212694
7.362270450751252,54.20302619000504,26.313578498993326,33.44789899945401
7.385642737896494,54.54771865184322,25.86786111501949,32.80811112032153
7.409015025041736,54.893503641294195,25.4560968132054,32.216629385024255
7.432387312186979,55.240381158357984,25.080405502972287,31.676493627481975
7.455759599332221,55.588351203034556,24.742778976813604,31.190561752327923
7.479131886477463,55.93741377532393,24.445068848422387,30.761492473913876
7.502504173622705,56.28756887522611,24.188974839982222,30.391728547819746
7.525876460767947,56.63881650274107,23.97603348989515,30.083480596637447
7.549248747913189,56.99115665786885,23.807607352659293,29.8387116324587
7.572621035058431,57.34458934060942,23.684874762661686,29.65912237860721
7.595993322203673,57.69911455096279,23.608820233300342,29.546137492689425
7.619365609348915,58.05473228892895,23.580225562076855,29.500892791971957
7.642737896494157,58.41144255450793,23.59966171109191,29.524223580405533
7.6661101836393994,58.76924534769971,23.66748153071778,29.616654174286438
7.689482470784641,59.12814066850427,23.783813392103774,29.778388720560926
7.712854757929883,59.48812851692164,23.948555791583296,30.009303398124004
7.736227045075125,59.84920889295181,24.161372986990038,30.308940088132044
7.759599332220367,60.21138179659477,24.421691722350936,30.676501594334503
7.782971619365609,60.574647227850534,24.72869909340634,31.110848488732483
7.806343906510851,60.9390051867191,25.081341601914282,31.610497651494594
7.829716193656093,61.304455673200465,25.478325441733034,32.17362256701173
7.853088480801335,61.67099868729462,25.918118054252524,32.79805543026469
7.876460767946578,62.0386342290016,26.398950984874354,33.48129110933
7.89983305509182,62.40736229832136,26.918824065936292,34.220493000881845
7.923205342237062,62.77718289525392,27.475510944763364,35.01250080599169
7.946577629382304,63.148096019799276,28.066565968423006,35.85384024341117
7.969949916527546,63.52010167195744,28.689332429297828,36.740734706892326
7.993322203672788,63.8931998517284,29.34095216779427,37.66911886199003
8.01669449081803,64.26739055911217,30.018376520414222,38.63465416625846
8.040066777963272,64.6426737941087,30.718378593068437,39.63274628484808
8.063439065108515,65.01904955671807,31.437566830947162,40.658564361294026
8.086811352253756,65.39651784694021,32.17239984752731,41.70706209081912
8.110183639398999,65.7750786647752,32.919202466442684,42.77300053083852
8.13355592654424,66.15473201022293,33.67418292101494,43.850972570600405
8.156928213689483,66.53547788328349,34.433451147307366,44.93542896913146
8.180300500834724,66.91731628395684,35.19303809766182,46.02070585793505
8.203672787979967,67.300247212243,35.94891599289188,47.10105359232239
8.22704507512521,67.68427066814196,36.697019422672476,48.17066682291161
8.25041736227045,68.0693866516537,37.43326719527377,49.22371564681387
8.273789649415694,68.45559516277827,38.15358482968401,50.25437768642513
8.297161936560935,68.8428962015156,38.8539275754291,51.2568709326519
8.320534223706177,69.23128976786576,39.530303838091946,52.225487178926116
8.343906510851419,69.62077586182869,40.178798881724774,53.15462586258817
8.367278797996661,70.01135448340446,40.79559867311063,54.03882812125465
8.390651085141902,70.40302563259299,41.37701372722073,54.87281086371658
8.414023372287145,70.79578930939435,41.91950280831131,55.651500647843775
8.437395659432388,71.1896455138085,42.41969633695751,56.370067151979725
8.46076794657763,71.58459424583543,42.87441935000852,57.02395602150148
8.484140233722872,71.98063550547519,43.28071385801269,57.60892086866025
8.507512520868113,72.37776929272772,43.635860443169264,58.121054201601126
8.530884808013356,72.77599560759307,43.93739894036176,58.55681705765423
8.554257095158597,73.1753144500712,44.183148044360316,58.913067116655796
8.57762938230384,73.57572582016216,44.37122368789518,59.18708507226809
8.601001669449081,73.97722971786588,44.50005603802739,59.37659904305701
8.624373956594324,74.37982614318244,44.568404962112204,59.47980681051176
8.647746243739567,74.78351509611178,44.57537381968108,59.495395678272374
8.671118530884808,75.18829657665391,44.520421442778954,59.42255975559762
8.69449081803005,75.59417058480886,44.403372174686865,59.261014478561506
8.717863105175292,76.00113712057659,44.224423845536634,59.01100819461324
8.741235392320535,76.40919618395714,43.98415357307135,58.67333064995469
8.764607679465776,76.81834777495045,43.68352128770347,58.24931823465583
8.787979966611019,77.2285918935566,43.323870893041175,57.74085585749756
8.81135225375626,77.63992853977552,42.90692898615382,57.15037534115061
8.834724540901503,78.05235771360726,42.4348010759786,56.48085024839406
8.858096828046744,78.46587941505179,41.90996525337456,55.735787071568936
8.881469115191987,78.88049364410914,41.335263282335156,54.919212740245754
8.90484140233723,79.29620040077927,40.71388909869854,54.035658426054205
8.92821368948247,79.71299968506219,40.049374720253695,53.090139648640836
8.951585976627713,80.13089149695793,39.34557359033355,52.08813271265772
8.974958263772955,80.54987583646644,38.60664139570152,51.03554753237418
8.998330550918197,80.9699527035878,37.83701441865718,49.93869692778413
9.021702838063439,81.3911220983219,37.04138550268888,48.80426250377404
9.045075125208681,81.81338402066885,36.224677730539966,47.639257251820766
9.068447412353922,82.23673847062855,35.39201593310481,46.45098504161621
9.091819699499165,82.6611854482011,34.54869616696364,45.246997197737706
9.115191986644408,83.08672495338644,33.70015331746909,44.03504638380212
9.13856427378965,83.51335698618455,32.85192700292935,42.8230380432041
9.161936560934892,83.94108154659548,32.00962597345495,41.61897967134292
9.185308848080133,84.36989863461919,31.178891215265647,40.430928218929864
9.208681135225376,84.79980825025572,30.36535798753179,39.26693594931071
9.232053422370617,85.23081039350502,29.57461703399073,38.13499509450743
9.25542570951586,85.66290506436717,28.8121752254553,37.042981674626525
9.278797996661101,86.09609226284206,28.083415901775062,35.99859886318834
9.302170283806344,86.5303719889298,27.393559192646535,35.009320296562635
9.325542570951587,86.96574424263034,26.7476226057632,34.0823337388448
9.348914858096828,87.40220902394363,26.150382177991176,33.22448552396211
9.37228714524207,87.83976633286977,25.60633449042958,32.442226204375025
9.395659432387312,88.27841616940866,25.11965985123757,31.741557840254323
9.419031719532555,88.7181585335604,24.694186950868655,31.127983364305177
9.442404006677796,89.1589934253249,24.33335929276071,30.606458455352122
9.465776293823039,89.60092084470223,24.04020369849062,30.18134634824936
9.48914858096828,90.04394079169232,23.817301179864582,29.856375998572766
9.512520868113523,90.48805326629525,23.666760461321328,29.634604007789683
9.535893155258766,90.93325826851098,23.590194424354472,29.518380698167345
9.559265442404007,91.37955579833947,23.588699731401313,29.509320706546227
9.58263772954925,91.82694585578079,23.66283986981519,29.608278442296847
9.60601001669449,92.27542844083489,23.812631837172276,29.815328727343857
9.629382303839733,92.72500355350181,24.037536667322982,30.129752905165763
9.652754590984975,93.1756711937815,24.33645397236537,30.550030671279096
9.676126878130217,93.62743136167403,24.707720649203285,31.07383784004488
9.699499165275459,94.08028405717931,25.149113870684722,31.698050221878866
9.722871452420701,94.53422928029744,25.657858450657884,32.41875374133035
9.746243739565942,94.98926703102833,26.230638639807385,33.23126088026645
9.769616026711185,95.44539730937205,26.863614375054656,34.1301334818614
9.792988313856428,95.90262011532857,27.552441969842363,35.109211900551266
9.81636060100167,96.36093544889785,28.292299196031355,36.16165043094367
9.839732888146912,96.82034331007998,29.077914670682766,37.2799588952412
9.863105175292153,97.28084369887486,29.903601422970695,38.45605021446009
9.886477462437396,97.74243661528257,30.763294478180427,39.68129373405192
9.909849749582637,98.20512205930305,31.65059225750892,40.946574019897135
9.93322203672788,98.66890003093637,32.55880155454361,42.242354786545455
9.956594323873121,99.13377053018246,33.48098581218725,43.55874756649579
9.979966611018364,99.59973355704138,34.410016387789426,44.885584677764044
10.003338898163607,100.06678911151309,35.338626459679276,46.21249599747216
10.026711185308848,100.53493719359756,36.259467195553114,47.52898900224991
10.05008347245409,101.00417780329488,37.16516577259649,48.824531492356655
10.073455759599332,101.47451094060496,38.048384811176646,50.08863637613713
10.096828046744575,101.94593660552786,38.901882758781596,51.31094785520877
10.120200333889816,102.41845479806354,39.71857473892371,52.48132831911463
10.143572621035059,102.89206551821205,40.49159336131503,53.589945231542416
10.1669449081803,103.36676876597332,41.21434897503022,54.62735726900917
10.190317195325543,103.84256454134743,41.88058883590686,55.58459895757872
10.213689482470786,104.31945284433435,42.48445465331849,56.453263044034756
10.237061769616027,104.79743367493401,43.02053797993333,57.22557983533356
10.26043405676127,105.27650703314653,43.483932911314014,57.89449274434794
10.28380634390651,105.75667291897179,43.870285570376865,58.45372929111639
10.307178631051753,106.2379313324099,44.17583986492464,58.89786682719648
10.330550918196995,106.72028227346077,44.39747902475049,59.22239227636471
10.353923205342237,107.20372574212448,44.532762448215905,59.42375521786625
10.377295492487479,107.68826173840094,44.579957416691336,59.4994136786388
10.400667779632721,108.17389026229024,44.53806526874755,59.447872048323596
10.424040066777964,108.66061131379234,44.40684166435972,59.26871058524377
10.447412353923205,109.14842489290722,44.1868106124601,58.96260604262667
10.470784641068448,109.63733099963491,43.879271982709156,58.53134301183671
10.49415692821369,110.12732963397538,43.48630227406284,57.977815652866425
10.517529215358932,110.61842079592867,43.01074846825387,57.306019561318905
10.540901502504173,111.11060448549473,42.45621485528724,56.52103360505592
10.564273789649416,111.60388070267364,41.82704278002695,55.62899165194601
10.587646076794657,112.09824944746529,41.12828332344225,54.63704420204377
10.6110183639399,112.59371071986979,40.365662998540714,53.55331003229108
10.634390651085141,113.09026451988706,39.545542608879366,52.386818058650604
10.657762938230384,113.58791084751715,38.6748694861896,51.147439718573416
10.681135225375627,114.08664970276004,37.76112339244003,49.84581227496305
10.704507512520868,114.5864810856157,36.81225643991621,48.49325354035481
10.72787979966611,115.08740499608419,35.836627449921984,47.10166861590085
10.751252086811352,115.58942143416544,34.84293123580146,45.68344933292638
10.774624373956595,116.09253039985954,33.84012335841077,44.25136717426076
10.797996661101836,116.59673189316639,32.837340961234084,42.818460537246835
10.821368948247079,117.10202591408608,31.843820347301428,41.39791727923713
10.84474123539232,117.60841246261855,30.868812010249144,40.00295355853065
10.868113522537563,118.11589153876383,29.921493876566917,38.646690048082256
10.891485809682806,118.62446314252192,29.010883554665917,37.342026655026125
10.914858096828047,119.13412727389277,28.14575041825547,36.101516925195305
10.93823038397329,119.64488393287645,27.334528376073983,34.937243347594126
10.96160267111853,120.1567331194729,26.585230196767526,33.86069479844382
10.984974958263773,120.6696748336822,25.90536426619465,32.88264737732655
11.008347245409015,121.18370907550424,25.30185465428471,32.01304988855419
11.031719532554257,121.69883584493913,24.78096535947401,31.26091520873205
11.055091819699499,122.21505514198677,24.34822958048059,30.634218756265522
11.078464106844741,122.73236696664725,24.00838483760755,30.139805240051373
11.101836393989984,123.25077131892054,23.765314728862215,29.783304812764143
11.125208681135225,123.77026819880658,23.621998059990855,29.569059689043822
11.148580968280468,124.29085760630547,23.580466032228223,29.500062210757335
11.17195325542571,124.81253954141711,23.641768107408954,29.577905250697896
11.195325542570952,125.33531400414158,23.805947097457395,29.8027457431346
11.218697829716193,125.85918099447882,24.072023944645714,30.1732820152016
11.242070116861436,126.3841405124289,24.43799257096901,30.686745468047516
11.265442404006677,126.91019255799173,24.900825080220805,31.33890702192449
11.28881469115192,127.43733713116742,25.456487495653594,32.12409859610403
11.312186978297163,127.9655742319559,26.09996611035694,33.03524974391174
11.335559265442404,128.49490386035714,26.82530441766156,34.06393940666737
11.358931552587647,129.0253260163712,27.625650476032952,35.20046258939428
11.382303839732888,129.55684069999805,28.49331444818516,36.43391159743621
11.40567612687813,130.08944791123773,29.419835938725143,37.752271308295846
11.429048414023372,130.62314765009015,30.3960606397681,39.14252778885339
11.452420701168615,131.15793991655542,31.41222568094909,40.59078940649211
11.475792988313856,131.69382471063346,32.45805297039753,42.082419425411786
11.499165275459099,132.23080203232433,33.52284970789012,43.60217892847485
11.52253756260434,132.76887188162797,34.59561515186405,45.134378762175686
11.545909849749583,133.30803425854444,35.6651526295953,46.66303906966944
11.569282136894826,133.8482891630737,36.72018569588555,48.172054856039765
11.592654424040067,134.38963659521573,37.7494772713121,49.64536592292472
11.61602671118531,134.9320765549706,38.74195052763223,51.06712941791768
11.63939899833055,135.47560904233822,39.68681023639117,52.42189316937736
11.662771285475793,136.0202340573187,40.5736632581571,53.69476792085795
11.686143572621035,136.56595159991193,41.39263682496194,54.87159654254696
11.709515859766277,137.11276167011798,42.134493258228474,55.939118280986975
11.732888146911518,137.6606642679368,42.79073976930323,56.88512611380533
11.756260434056761,138.20965939336847,43.3537320101572,57.69861530387765
11.779632721202004,138.75974704641294,43.81677007813232,58.36992129769531
11.803005008347245,139.31092722707015,44.174185730919774,58.89084518589031
11.826377295492488,139.86319993534022,44.421419636166526,59.25476503977643
11.84974958263773,140.41656517122303,44.55508756395341,59.45673155603737
11.873121869782972,140.9710229347187,44.57303452940107,59.493546581672405
11.896494156928213,141.52657322582712,44.47437600616635,59.36382325206111
11.919866444073456,142.08321604454838,44.259525458729605,59.06802665531681
11.943238731218697,142.6409513908824,43.93020758107369,58.60849413445423
11.96661101836394,143.19977926482926,43.48945678036432,57.98943455353195
11.989983305509183,143.7596996663889,42.94160060512013,57.21690608280179
12.013355592654424,144.32071259556133,42.29222798649507,56.298772298721865
12.036727879799667,144.88281805234658,41.54814233691649,55.24463664495014
12.060100166944908,145.4460160367446,40.7172997305095,54.06575555740868
12.08347245409015,146.01030654875544,39.80873257245255,52.77493081728839
12.106844741235392,146.57568958837905,38.83245934750356,51.38638195739742
12.130217028380635,147.14216515561552,37.79938121917533,49.91559980635745
12.153589315525876,147.70973325046472,36.721166428145395,48.37918250857056
12.176961602671119,148.27839387292678,35.61012360912793,46.7946556022936
12.200333889816362,148.84814702300164,34.47906530731052,45.18027797026881
12.223706176961603,149.41899270068924,33.34116312625065,43.55483569386816
12.247078464106846,149.9909309059897,32.20979607662404,41.93742603943889
12.270450751252087,150.5639616389029,31.098393817251907,40.34723398139548
12.29382303839733,151.13808489942895,30.020276584388732,38.803303817680764
12.31719532554257,151.71330068756774,28.988493690451687,37.324308556838865
12.340567612687813,152.2896090033194,28.01566253750658,35.928319849629474
12.363939899833055,152.8670098466838,27.113810132429457,34.63258129976454
12.387312186978297,153.44550321766104,26.29421910846059,33.45328801611305
12.41068447412354,154.02508911625108,25.567280250903863,32.40537526120765
12.434056761268781,154.6057675424539,24.942353492268687,31.502319007028596
12.457429048414024,155.18753849626955,24.427639283838168,30.75595112827991
12.480801335559265,155.77040197769793,24.030062166388774,30.176291845557238
12.504173622704508,156.3543579867392,23.755168252859598,29.77140187629423
12.52754590984975,156.9394065233932,23.607038200789837,29.54725656101334
12.550918196994992,157.52554758766001,23.58821709327075,29.5076440075322
12.574290484140233,158.1127811795396,23.699662465322433,29.65408903825258
12.597662771285476,158.70110729903206,23.940711509664826,29.985804437820505
12.621035058430717,159.29052594613725,24.30906827381943,30.499670683134685
12.64440734557596,159.8810371208553,24.800811421682575,31.190244998191808
12.667779632721203,160.47264082318614,25.41042287978926,32.04980021632712
12.691151919866444,161.06533705312972,26.13083742436141,33.06839355618462
12.714524207011687,161.65912581068616,26.953512993073137,34.23396502973179
12.737896494156928,162.25400709585534,27.868521228660157,35.53246480564382
12.76126878130217,162.84998090863738,28.86465748362471,36.94800845450794
12.784641068447412,163.44704724903218,29.929569240039765,38.46305860880988
12.808013355592655,164.0452061170398,31.049901629651906,40.058631186002515
12.831385642737896,164.6444575126602,32.21145848094481,41.714523952578666
12.854757929883139,165.24480143589344,33.39937707540908,43.409564856481936
12.878130217028382,165.84623788673946,34.59831456871725,45.12187722975658
12.901502504173623,166.44876686519825,35.792643827496136,46.829158668304956
12.924874791318866,167.0523883712699,36.96665625238585,48.508970135968625
12.948247078464107,167.65710240495426,38.10476900632726,50.139031620530005
12.97161936560935,168.2629089662515,39.191733946496655,51.697520493927016
12.99499165275459,168.86980805516149,40.2128454716172,53.16336860173647
13.018363939899833,169.47779967168432,41.154144445785235,54.516554031091275
13.041736227045075,170.0868838158199,42.002615347230694,55.73838348422641
13.065108514190317,170.69706048756834,42.746373816944796,56.81176121879632
13.08848080133556,171.30832968692954,43.37484184864731,57.721440607142064
13.111853088480801,171.92069141390354,43.87890796842317,58.454254515303816
13.135225375626044,172.53414566849037,44.25106989922801,58.999320908372844
13.158597662771285,173.14869245068994,44.48555739147917,59.34822035059011
13.181969949916528,173.76433176050236,44.57843312463387,59.495142384375825
13.20534223706177,174.38106359792752,44.52766984395519,59.43699813933054
13.228714524207012,174.99888796296557,44.333202188928716,59.17349693646588
13.252086811352253,175.61780485561633,43.99695199180392,58.707185109962296
13.275459098497496,176.23781427587994,43.52282617274161,58.04344576330757
13.298831385642739,176.85891622375638,42.91668672779089,57.19045870270613
13.32220367278798,177.48111069924553,42.18629269267524,56.159120341470086
13.345575959933223,178.10439770234757,41.34121436401106,54.96292393742338
13.368948247078464,178.72877723306235,40.39272046464112,53.617801103393255
13.392320534223707,179.35424929138995,39.35363934548811,52.141926110431726
13.415692821368948,179.98081387733032,38.238195716776445,50.555485076044924
13.43906510851419,180.60847099088355,37.061824790559974,48.88041268673655
13.462437395659432,181.2372206320495,35.8409660881466,47.140099636908104
13.485809682804675,181.86706280082834,34.59283951417126,45.35907446595377
13.509181969949916,182.4979974972199,33.33520661788775,43.5626639338558
13.532554257095159,183.13002472122432,32.086120246062386,41.77663648462277
13.555926544240402,183.7631444728415,30.86366603541014,40.02683369898134
13.579298831385643,184.3973567520715,29.685699390943007,38.33879492581584
13.602671118530886,185.0326615589143,28.569581745605433,36.737380499779064
13.626043405676127,185.66905889336985,27.531919992443783,35.246399094886414
13.64941569282137,186.30654875543826,26.58831302028831,33.88824482640938
13.67278797996661,186.94513114511943,25.753109265287172,32.68354969272301
13.696160267111853,187.58480606241343,25.039179112192038,31.650856842814477
13.719532554257095,188.2255735073202,24.457705840544172,30.806319963110028
13.742904841402337,188.8674334798398,24.017998612212438,30.163433799542155
13.76627712854758,189.5103859799722,23.727330739438585,29.73280046919804
13.789649415692821,190.15443100771736,23.59080615893032,29.521935773613002
13.813021702838064,190.79956856307538,23.61125667086302,29.535119207354693
13.836393989983305,191.44579864604614,23.789172086083475,29.773290766853535
13.859766277128548,192.09312125662973,24.122664965448593,30.233997012657234
13.88313856427379,192.74153639482608,24.607471138018894,30.91138813182168
13.906510851419032,193.3910440606353,25.236986656498054,31.796266995537728
13.929883138564273,194.04164425405725,26.00234129630872,32.876190420893565
13.953255425709516,194.69333697509205,26.89250813708057,34.13562203633845
13.976627712854759,195.34612222373966,27.89444819066585,35.55613533012272
14.0,196.0,28.99328846703955,37.1166646424962
