fixed_T_ms,fixed_T2_ms2,phase_rad,upper_probability,lower_probability
10.0,100.0,0.0,32.13974410559055,46.027374433242265
10.0,100.0,0.01048914858096828,32.24808823276396,46.183806983172005
10.0,100.0,0.02097829716193656,32.356633909121776,46.340054278587644
10.0,100.0,0.031467445742904845,32.46536919233534,46.49609912896979
10.0,100.0,0.04195659432387312,32.57428211921509,46.651924366072116
10.0,100.0,0.0524457429048414,32.6833607070269,46.80751284581046
10.0,100.0,0.06293489148580969,32.79259295481053,46.96284745014913
10.0,100.0,0.07342404006677797,32.90196684469978,47.11791108898395
10.0,100.0,0.08391318864774625,33.011470343244795,47.27268670202274
10.0,100.0,0.09440233722871452,33.121091402736134,47.42715726066239
10.0,100.0,0.1048914858096828,33.23081796253005,47.58130576986212
10.0,100.0,0.11538063439065109,33.34063795037552,47.7351152700134
10.0,100.0,0.12586978297161938,33.450539283742565,47.88856883880607
10.0,100.0,0.13635893155258766,33.56050987115135,48.04164959308981
10.0,100.0,0.14684808013355594,33.670537613502646,48.19434069073181
10.0,100.0,0.1573372287145242,33.78061040540906,48.346625332469934
10.0,100.0,0.1678263772954925,33.890716136526684,48.49848676376064
10.0,100.0,0.17831552587646077,34.0008426928876,48.64990827662254
10.0,100.0,0.18880467445742904,34.11097795823278,48.80087321147476
10.0,100.0,0.19929382303839732,34.22110981534488,48.9513649589695
10.0,100.0,0.2097829716193656,34.331226147381685,49.101366961819814
10.0,100.0,0.2202721202003339,34.44131483920894,49.250862716620915
10.0,100.0,0.23076126878130218,34.55136377873342,49.39983577566605
10.0,100.0,0.24125041736227046,34.66136085823558,49.54826974875623
10.0,100.0,0.25173956594323876,34.771293975701504,49.69614830500325
10.0,100.0,0.26222871452420704,34.881151036154435,49.8434551746265
10.0,100.0,0.2727178631051753,34.99091995298562,49.99017415074323
10.0,100.0,0.2832070116861436,35.10058864928386,50.13628909115128
10.0,100.0,0.29369616026711187,35.21014505916434,50.28178392010526
10.0,100.0,0.30418530884808015,35.31957712909626,50.42664263008534
10.0,100.0,0.3146744574290484,35.42887281922873,50.570849283558125
10.0,100.0,0.3251636060100167,35.53802010471553,50.7143880147303
10.0,100.0,0.335652754590985,35.647006977038224,50.85724303129432
10.0,100.0,0.34614190317195326,35.755821445327115,50.9993986161656
10.0,100.0,0.35663105175292154,35.86445153768061,51.14083912921192
10.0,100.0,0.3671202003338898,35.97288530248248,51.28154900897427
10.0,100.0,0.3776093489148581,36.08111080971662,51.421512774378655
10.0,100.0,0.38809849749582637,36.18911615227963,51.560715026439524
10.0,100.0,0.39858764607679464,36.29688944729104,51.69914044995408
10.0,100.0,0.4090767946577629,36.404418837400435,51.83677381518704
10.0,100.0,0.4195659432387312,36.51169249209208,51.97359997954632
10.0,100.0,0.43005509181969953,36.61869860898671,52.10960388924922
10.0,100.0,0.4405442404006678,36.72542541513977,52.24477058097838
10.0,100.0,0.4510333889816361,36.831861168336815,52.37908518352819
10.0,100.0,0.46152253756260436,36.93799415838553,52.51253291944104
10.0,100.0,0.47201168614357264,37.04381270840384,52.64509910663296
10.0,100.0,0.4825008347245409,37.14930517610477,52.77676916000904
10.0,100.0,0.4929899833055092,37.25445995507742,52.907528593068236
10.0,100.0,0.5034791318864775,37.35926547606372,53.03736301949695
10.0,100.0,0.5139682804674458,37.463710208231376,53.16625815475196
10.0,100.0,0.5244574290484141,37.56778266044265,53.29419981763211
10.0,100.0,0.5349465776293824,37.671471382518384,53.421173931838354
10.0,100.0,0.5454357262103506,37.77476496649788,53.54716652752252
10.0,100.0,0.5559248747913189,37.87765204789413,53.67216374282445
10.0,100.0,0.5664140233722872,37.980121306943936,53.79615182539683
10.0,100.0,0.5769031719532555,38.08216146985343,53.91911713391835
10.0,100.0,0.5873923205342237,38.18376131003852,54.0410461395947
10.0,100.0,0.597881469115192,38.28490964935983,54.16192542764673
10.0,100.0,0.6083706176961603,38.38559535935282,54.28174169878665
10.0,100.0,0.6188597662771286,38.48580736245186,54.400481770681
10.0,100.0,0.6293489148580969,38.58553463320915,54.518132579401055
10.0,100.0,0.6398380634390651,38.68476619950786,54.63468118086032
10.0,100.0,0.6503272120200334,38.78349114376905,54.75011475223835
10.0,100.0,0.6608163606010017,38.88169860415296,54.8644205933917
10.0,100.0,0.67130550918197,38.979377775754145,54.977586128251275
10.0,100.0,0.6817946577629382,39.07651791179005,55.08959890620581
10.0,100.0,0.6922838063439065,39.17310832478346,55.20044660347174
10.0,100.0,0.7027729549248748,39.26913838773849,55.31011702444923
10.0,100.0,0.7132621035058431,39.364597535309514,55.418598103063715
10.0,100.0,0.7237512520868113,39.459475264963764,55.52587790409355
10.0,100.0,0.7342404006677796,39.553761138136856,55.63194462448322
10.0,100.0,0.7447295492487479,39.6474447813811,55.736786594641735
10.0,100.0,0.7552186978297162,39.74051588750686,55.840392279726636
10.0,100.0,0.7657078464106845,39.83296421671672,55.94275028091316
10.0,100.0,0.7761969949916527,39.92477959773181,56.043849336648165
10.0,100.0,0.786686143572621,40.015951928911036,56.14367832388923
10.0,100.0,0.7971752921535893,40.1064711793625,56.24222625932854
10.0,100.0,0.8076644407345576,40.196327390046974,56.339482300601055
10.0,100.0,0.8181535893155258,40.28551067487368,56.43543574747755
10.0,100.0,0.8286427378964941,40.37401122178805,56.5300760430419
10.0,100.0,0.8391318864774624,40.4618192938511,56.623392774852434
10.0,100.0,0.8496210350584308,40.54892523031077,56.715375676087575
10.0,100.0,0.8601101836393991,40.635319447664926,56.80601462667552
10.0,100.0,0.8705993322203673,40.72099244071555,56.895299654407495
10.0,100.0,0.8810884808013356,40.805934783614596,56.983220936034954
10.0,100.0,0.8915776293823039,40.890137130901145,57.06976879835048
10.0,100.0,0.9020667779632722,40.973590218529424,57.154933719251844
10.0,100.0,0.9125559265442404,41.05628486488812,57.23870632878974
10.0,100.0,0.9230450751252087,41.13821197181065,57.32107741019875
10.0,100.0,0.933534223706177,41.21936252557594,57.40203790091118
10.0,100.0,0.9440233722871453,41.29972759790037,57.481578893554385
10.0,100.0,0.9545125208681136,41.37929834691988,57.55969163693056
10.0,100.0,0.9650016694490818,41.45806601816282,57.63636753697962
10.0,100.0,0.9754908180300501,41.53602194551322,57.71159815772486
10.0,100.0,0.9859799666110184,41.61315755216412,57.78537522220087
10.0,100.0,0.9964691151919867,41.68946435156122,57.857690613364305
10.0,100.0,1.006958263772955,41.76493394833671,57.928536374987
10.0,100.0,1.0174474123539232,41.839558039232756,57.99790471253114
10.0,100.0,1.0279365609348916,41.91332841401513,58.06578799400694
10.0,100.0,1.0384257095158598,41.986236956376565,58.13217875081237
10.0,100.0,1.0489148580968282,42.05827564482958,58.19706967855474
10.0,100.0,1.0594040066777963,42.1294365535891,58.260453637854404
10.0,100.0,1.0698931552587647,42.199711853444526,58.32232365513027
10.0,100.0,1.0803823038397329,42.26909381262095,58.382672923366975
10.0,100.0,1.0908714524207013,42.33757479762993,58.44149480286383
10.0,100.0,1.1013606010016694,42.40514727410934,58.49878282196538
10.0,100.0,1.1118497495826378,42.47180380765224,58.554530677773315
10.0,100.0,1.122338898163606,42.53753706462487,58.60873223684001
10.0,100.0,1.1328280467445744,42.602339812973526,58.66138153584335
10.0,100.0,1.1433171953255425,42.66620492302016,58.71247278224271
10.0,100.0,1.153806343906511,42.72912536824684,58.76200035491635
10.0,100.0,1.164295492487479,42.79109422606888,58.809958804779875
10.0,100.0,1.1747846410684475,42.85210467859635,58.85634285538566
10.0,100.0,1.1852737896494157,42.91215001338425,58.90114740350344
10.0,100.0,1.195762938230384,42.971223624171074,58.94436751968177
10.0,100.0,1.2062520868113522,43.02931901160552,58.98599844879034
10.0,100.0,1.2167412353923206,43.086429783961655,59.026035610543126
10.0,100.0,1.2272303839732888,43.142549657842125,59.06447460000242
10.0,100.0,1.2377195325542572,43.1976724588694,59.10131118806333
10.0,100.0,1.2482086811352253,43.251792122365146,59.13654132191915
10.0,100.0,1.2586978297161937,43.304902694017485,59.17016112550726
10.0,100.0,1.2691869782971619,43.35699833053603,59.202166899935555
10.0,100.0,1.2796761268781303,43.4080733002948,59.23255512388936
10.0,100.0,1.2901652754590984,43.45812198396286,59.26132245401895
10.0,100.0,1.3006544240400668,43.507138875122514,59.28846572530729
10.0,100.0,1.311143572621035,43.55511858087512,59.3139819514183
10.0,100.0,1.3216327212020034,43.602055822434494,59.33786832502544
10.0,100.0,1.3321218697829715,43.647945435707605,59.360122218120495
10.0,100.0,1.34261101836394,43.692782371862826,59.38074118230283
10.0,100.0,1.3531001669449083,43.7365616978853,59.39972294904862
10.0,100.0,1.3635893155258765,43.779278597119756,59.41706542996058
10.0,100.0,1.3740784641068449,43.82092836980047,59.43276671699765
10.0,100.0,1.384567612687813,43.86150643356822,59.446825082684896
10.0,100.0,1.3950567612687814,43.90100832397455,59.459238980303674
10.0,100.0,1.4055459098497496,43.93942969497295,59.4700070440617
10.0,100.0,1.416035058430718,43.97676631939694,59.47912808924336
10.0,100.0,1.4265242070116861,44.013014089425184,59.486601112340054
10.0,100.0,1.4370133555926545,44.0481690170335,59.4924252911606
10.0,100.0,1.4475025041736227,44.08222723443353,59.49659998492167
10.0,100.0,1.457991652754591,44.11518499449832,59.49912473431834
10.0,100.0,1.4684808013355592,44.14703867117461,59.49999926157457
10.0,100.0,1.4789699499165276,44.17778475988173,59.4992234704738
10.0,100.0,1.4894590984974958,44.207419877897195,59.49679744636952
10.0,100.0,1.4999482470784642,44.235940764728916,59.492721456175886
10.0,100.0,1.5104373956594324,44.26334428247385,59.48699594833834
10.0,100.0,1.5209265442404007,44.289627416163285,59.4796215527843
10.0,100.0,1.531415692821369,44.31478727409457,59.47059908085383
10.0,100.0,1.5419048414023373,44.33882108814919,59.459929525210384
10.0,100.0,1.5523939899833055,44.36172621409737,59.447614059731585
10.0,100.0,1.5628831385642739,44.383500131889015,59.43365403938008
10.0,100.0,1.573372287145242,44.40414044593092,59.41805100005447
10.0,100.0,1.5838614357262104,44.42364488535036,59.40080665842033
10.0,100.0,1.5943505843071786,44.44201130424494,59.38192291172131
10.0,100.0,1.604839732888147,44.45923768191868,59.36140183757044
10.0,100.0,1.6153288814691151,44.47532212310432,59.33924569372154
10.0,100.0,1.6258180300500835,44.49026285817189,59.315456917820754
10.0,100.0,1.6363071786310517,44.50405824332332,59.29003812713849
10.0,100.0,1.64679632721202,44.51670676077341,59.2629921182813
10.0,100.0,1.6572854757929882,44.52820701891671,59.23432186688436
10.0,100.0,1.6677746243739566,44.53855775248068,59.20403052728396
10.0,100.0,1.6782637729549248,44.54775782266489,59.172121432170506
10.0,100.0,1.6887529215358932,44.555806217266316,59.13859809222187
10.0,100.0,1.6992420701168616,44.56270205079068,59.103464195717144
10.0,100.0,1.7097312186978297,44.56844456454992,59.06672360813077
10.0,100.0,1.7202203672787981,44.5730331267456,59.028380371707385
10.0,100.0,1.7307095158597663,44.57646723253846,58.98843870501699
10.0,100.0,1.7411986644407347,44.578746504103975,58.946903002490835
10.0,100.0,1.7516878130217028,44.57987069067387,58.90377783393797
10.0,100.0,1.7621769616026712,44.57983966856378,58.85906794404248
10.0,100.0,1.7726661101836394,44.57865344118677,58.81277825184137
10.0,100.0,1.7831552587646078,44.576312139053044,58.76491385018349
10.0,100.0,1.793644407345576,44.57281601975555,58.71548000516917
10.0,100.0,1.8041335559265443,44.56816546794161,58.66448215557077
10.0,100.0,1.8146227045075125,44.56236099527068,58.61192591223438
10.0,100.0,1.825111853088481,44.55540324035795,58.55781705746256
10.0,100.0,1.835601001669449,44.547292968704184,58.50216154437795
10.0,100.0,1.8460901502504174,44.53803107261143,58.444965496268544
10.0,100.0,1.8565792988313856,44.52761857108489,58.38623520591388
10.0,100.0,1.867068447412354,44.51605660972078,58.32597713489265
10.0,100.0,1.8775575959933222,44.50334646058029,58.264197912871936
10.0,100.0,1.8880467445742906,44.48948952204967,58.200904336877684
10.0,100.0,1.8985358931552587,44.47448731868631,58.1361033705469
10.0,100.0,1.9090250417362271,44.45834150105108,58.06980214336156
10.0,100.0,1.9195141903171953,44.44105384552668,58.00200794986421
10.0,100.0,1.9300033388981637,44.422626254122214,57.932728248855305
10.0,100.0,1.9404924874791318,44.40306075426395,57.86197066257274
10.0,100.0,1.9509816360601002,44.38235949857223,57.789742975853144
10.0,100.0,1.9614707846410684,44.360524764624635,57.71605313527535
10.0,100.0,1.9719599332220368,44.33755895470546,57.640909248286235
10.0,100.0,1.982449081803005,44.31346459554133,57.56431958230862
10.0,100.0,1.9929382303839733,44.288244338023254,57.48629256383167
10.0,100.0,2.0034273789649415,44.26190095691497,57.406836777483875
10.0,100.0,2.01391652754591,44.23443735054765,57.325960965088555
10.0,100.0,2.0244056761268783,44.20585654050102,57.24367402470196
10.0,100.0,2.0348948247078464,44.17616167127093,57.159985009634426
10.0,100.0,2.0453839732888146,44.14535600992342,57.0749031274543
10.0,100.0,2.055873121869783,44.11344294573519,56.988437738974795
10.0,100.0,2.0663622704507514,44.08042598982079,56.900598357224254
10.0,100.0,2.0768514190317195,44.046308774746315,56.81139464639946
10.0,100.0,2.0873405676126877,44.01109505412968,56.72083642080227
10.0,100.0,2.0978297161936563,43.974788702227734,56.62893364376002
10.0,100.0,2.1083188647746245,43.93739371350995,56.53569642652923
10.0,100.0,2.1188080133555927,43.89891420221891,56.44113502718309
10.0,100.0,2.129297161936561,43.8593544019178,56.34525984948305
10.0,100.0,2.1397863105175294,43.81871866502443,56.24808144173396
10.0,100.0,2.1502754590984976,43.77701146233254,56.149610495623705
10.0,100.0,2.1607646076794658,43.73423738251986,56.04985784504687
10.0,100.0,2.171253756260434,43.690401131643185,55.948834464912615
10.0,100.0,2.1817429048414025,43.645507532620755,55.84655146993744
10.0,100.0,2.1922320534223707,43.59956152470152,55.74302011342221
10.0,100.0,2.202721202003339,43.55256816292172,55.63825178601397
10.0,100.0,2.213210350584307,43.504532617548804,55.5322580144529
10.0,100.0,2.2236994991652757,43.455460173512535,55.42505046030409
10.0,100.0,2.234188647746244,43.40535622982349,55.31664091867435
10.0,100.0,2.244677796327212,43.35422629897916,55.207041316914754
10.0,100.0,2.25516694490818,43.3020760063574,55.09626371330823
10.0,100.0,2.2656560934891488,43.248911089597485,54.98432029574283
10.0,100.0,2.276145242070117,43.19473739796891,54.871223380371006
10.0,100.0,2.286634390651085,43.13956089172785,54.75698541025443
10.0,100.0,2.2971235392320533,43.0833876414613,54.64161895399492
10.0,100.0,2.307612687813022,43.02622382741933,54.52513670435185
10.0,100.0,2.31810183639399,42.96807573883504,54.407551476845555
10.0,100.0,2.328590984974958,42.90894977323258,54.288876208347205
10.0,100.0,2.3390801335559264,42.8488524357234,54.16912395565581
10.0,100.0,2.349569282136895,42.7877903382904,54.04830789406133
10.0,100.0,2.360058430717863,42.72577019906063,53.92644131589541
10.0,100.0,2.3705475792988313,42.66279884156606,53.80353762906882
10.0,100.0,2.3810367278798,42.5988831939928,53.67961035559618
10.0,100.0,2.391525876460768,42.53403028841898,53.5546731301085
10.0,100.0,2.4020150250417363,42.468247260041025,53.42873969835292
10.0,100.0,2.4125041736227044,42.401541346388534,53.30182391568034
10.0,100.0,2.422993322203673,42.333919886528136,53.17393974552121
10.0,100.0,2.433482470784641,42.26539032025599,53.045101257849176
10.0,100.0,2.4439716193656094,42.19596018727917,52.91532262763293
10.0,100.0,2.4544607679465775,42.12563712638628,52.78461813327694
10.0,100.0,2.464949916527546,42.05442887460694,52.65300215505039
10.0,100.0,2.4754390651085143,41.98234326636049,52.520489173504885
10.0,100.0,2.4859282136894825,41.90938823259419,52.3870937678816
10.0,100.0,2.4964173622704506,41.835571799910554,52.252830614507076
10.0,100.0,2.5069065108514192,41.76090208968419,52.11771448517839
10.0,100.0,2.5173956594323874,41.68538731716843,51.981760245538226
10.0,100.0,2.5278848080133556,41.60903579059139,51.84498285343919
10.0,100.0,2.5383739565943237,41.53185591024184,51.70739735729801
10.0,100.0,2.5488631051752924,41.45385616754509,51.56901889444012
10.0,100.0,2.5593522537562605,41.375045144128755,51.42986268943416
10.0,100.0,2.5698414023372287,41.29543151087845,51.28994405241676
10.0,100.0,2.580330550918197,41.215024026984,51.14927837740841
10.0,100.0,2.5908196994991655,41.13383153897563,51.00788114061962
10.0,100.0,2.6013088480801336,41.05186297975063,50.865767898748096
10.0,100.0,2.611797996661102,40.96912736759067,50.72295428726744
10.0,100.0,2.62228714524207,40.88563380516953,50.57945601870681
10.0,100.0,2.6327762938230386,40.80139147855153,50.43528888092197
10.0,100.0,2.6432654424040067,40.71640965618101,50.2904687353587
10.0,100.0,2.653754590984975,40.63069768786256,50.14501151530748
10.0,100.0,2.664243739565943,40.54426500373224,49.998933224150356
10.0,100.0,2.6747328881469117,40.45712111322023,49.85224993360053
10.0,100.0,2.68522203672788,40.369275604004514,49.704977781934
10.0,100.0,2.695711185308848,40.28073814095593,49.55713297221379
10.0,100.0,2.7062003338898166,40.191518465075035,49.40873177050768
10.0,100.0,2.716689482470785,40.101626392420265,49.259790504098326
10.0,100.0,2.727178631051753,40.01107181302789,49.110325559686856
10.0,100.0,2.737667779632721,39.919864689824074,48.960353381590224
10.0,100.0,2.7481569282136897,39.82801505752865,48.80989046993185
10.0,100.0,2.758646076794658,39.73553302155102,48.65895337882615
10.0,100.0,2.769135225375626,39.64242875687849,48.50755871455745
10.0,100.0,2.7796243739565942,39.548712506956726,48.35572313375287
10.0,100.0,2.790113522537563,39.454394582562685,48.20346334154954
10.0,100.0,2.800602671118531,39.35948536067038,48.05079608975703
10.0,100.0,2.811091819699499,39.26399528330909,47.89773817501407
10.0,100.0,2.8215809682804673,39.167934856414455,47.74430643694049
10.0,100.0,2.832070116861436,39.07131464867275,47.59051775628476
10.0,100.0,2.842559265442404,38.97414529035801,47.43638905306663
10.0,100.0,2.8530484140233723,38.876437472162436,47.28193728471536
10.0,100.0,2.8635375626043404,38.77820194402035,47.12717944420449
10.0,100.0,2.874026711185309,38.67944951392524,46.972132558181734
10.0,100.0,2.8845158597662772,38.58019104674089,46.81681368509614
10.0,100.0,2.8950050083472454,38.48043746300591,46.661239913321104
10.0,100.0,2.9054941569282136,38.38019973773213,46.50542835927412
10.0,100.0,2.915983305509182,38.27948889919732,46.349396165533946
10.0,100.0,2.9264724540901503,38.178316027731775,46.19316049895438
10.0,100.0,2.9369616026711185,38.07669225449911,46.03673854877541
10.0,100.0,2.9474507512520867,37.974628760271806,45.880147524732315
10.0,100.0,2.9579398998330553,37.87213677420099,45.723404655162106
10.0,100.0,2.9684290484140234,37.76922757258088,45.56652718510785
10.0,100.0,2.9789181969949916,37.66591247760839,45.4095323744217
10.0,100.0,2.9894073455759598,37.562202856137276,45.252437495865756
10.0,100.0,2.9998964941569284,37.45811011842751,45.09525983321156
10.0,100.0,3.0103856427378965,37.3536457168901,44.9380166793388
10.0,100.0,3.0208747913188647,37.24882114482693,44.78072533433262
10.0,100.0,3.0313639398998333,37.14364793516619,44.62340310358004
10.0,100.0,3.0418530884808015,37.03813765919376,44.46606729586631
10.0,100.0,3.0523422370617697,36.932301925279894,44.30873522147045
10.0,100.0,3.062831385642738,36.826152377602085,44.15142419026058
10.0,100.0,3.0733205342237064,36.71970069486407,43.994151509789766
10.0,100.0,3.0838096828046746,36.61295858901089,43.836934483391694
10.0,100.0,3.0942988313856428,36.50593780394015,43.679790408276766
10.0,100.0,3.104787979966611,36.39865011421025,43.52273657362938
10.0,100.0,3.1152771285475795,36.29110732374463,43.36579025870538
10.0,100.0,3.1257662771285477,36.183321264533326,43.20896873093131
10.0,100.0,3.136255425709516,36.075303795331095,43.05228924400447
10.0,100.0,3.146744574290484,35.967066800352605,42.895769035994505
10.0,100.0,3.1572337228714527,35.858622187965125,42.739425327447144
10.0,100.0,3.167722871452421,35.749981889378255,42.58327531948944
10.0,100.0,3.178212020033389,35.64115785733111,42.427336191937094
10.0,100.0,3.188701168614357,35.532162064777495,42.271625101404666
10.0,100.0,3.1991903171953258,35.42300650356854,42.11615917941779
10.0,100.0,3.209679465776294,35.31370318313317,41.9609555305282
10.0,100.0,3.220168614357262,35.2042641291571,41.806031230432176
10.0,100.0,3.2306577629382303,35.09470138225962,41.6514033240917
10.0,100.0,3.241146911519199,34.98502699666874,41.497088823858995
10.0,100.0,3.251636060100167,34.87525303889522,41.34310470760512
10.0,100.0,3.262125208681135,34.765391586404846,41.189467916851875
10.0,100.0,3.2726143572621034,34.65545472628961,41.03619535490772
10.0,100.0,3.283103505843072,34.54545455393803,40.88330388500839
10.0,100.0,3.29359265442404,34.435403171704316,40.730810328461374
10.0,100.0,3.3040818030050083,34.32531268757675,40.578731462795126
10.0,100.0,3.3145709515859765,34.21519521384575,40.42708401991343
10.0,100.0,3.325060100166945,34.10506286577118,40.27588468425441
10.0,100.0,3.3355492487479133,33.99492776024927,40.12515009095472
10.0,100.0,3.3460383973288814,33.88480201447975,39.974896824019666
10.0,100.0,3.3565275459098496,33.774697744632576,39.82514141449841
10.0,100.0,3.367016694490818,33.66462706451478,39.675900338665095
10.0,100.0,3.3775058430717864,33.554602084237935,39.52719001620638
10.0,100.0,3.3879949916527545,33.44463490888565,39.3790268084148
10.0,100.0,3.398484140233723,33.33473763718164,39.23142701638848
10.0,100.0,3.4089732888146913,33.224922360158885,39.08440687923804
10.0,100.0,3.4194624373956595,33.115201159829176,38.93798257229973
10.0,100.0,3.4299515859766276,33.00558610785377,38.79217020535569
10.0,100.0,3.4404407345575962,32.89608926421547,38.64698582086181
10.0,100.0,3.4509298831385644,32.78672267589163,38.50244539218259
10.0,100.0,3.4614190317195326,32.67749837552868,38.35856482183356
10.0,100.0,3.4719081803005007,32.568428380118426,38.21535993973199
10.0,100.0,3.4823973288814694,32.45952468967588,38.072846501455075
10.0,100.0,3.4928864774624375,32.35079928591885,37.93104018650639
10.0,100.0,3.5033756260434057,32.24226413094995,37.789956596591054
10.0,100.0,3.513864774624374,32.13393116594037,37.6496112538991
10.0,100.0,3.5243539232053425,32.02581230981602,37.51001959939756
10.0,100.0,3.5348430717863106,31.91791945794638,37.37119699113189
10.0,100.0,3.545332220367279,31.81026448083568,37.233158702536144
10.0,100.0,3.555821368948247,31.70285922281676,37.095919920752415
10.0,100.0,3.5663105175292156,31.595715500748163,36.95949574496022
10.0,100.0,3.5767996661101837,31.488845102713935,36.823901184715126
10.0,100.0,3.587288814691152,31.382259786726557,36.68915115829722
10.0,100.0,3.59777796327212,31.275971279433588,36.55526049107016
10.0,100.0,3.6082671118530887,31.169991274827176,36.42224391384961
10.0,100.0,3.618756260434057,31.064331432957736,36.29011606128299
10.0,100.0,3.629245409015025,30.95900337865099,36.15889147023906
10.0,100.0,3.639734557595993,30.854018700228867,36.028584578208566
10.0,100.0,3.650223706176962,30.749388948234774,35.89920972171597
10.0,100.0,3.66071285475793,30.645125634162675,35.770781134742066
10.0,100.0,3.671202003338898,30.54124022919047,35.64331294715778
10.0,100.0,3.6816911519198663,30.437744162918154,35.51681918316983
10.0,100.0,3.692180300500835,30.334648822110186,35.39131375977766
10.0,100.0,3.702669449081803,30.23196554944262,35.26681048524214
10.0,100.0,3.7131585976627712,30.129705642255374,35.14332305756662
10.0,100.0,3.72364774624374,30.027880351309168,35.02086506298973
10.0,100.0,3.734136894824708,29.926500879547607,34.89944997449047
10.0,100.0,3.744626043405676,29.825578380864826,34.77909115030618
10.0,100.0,3.7551151919866443,29.72512395887822,34.65980183246266
10.0,100.0,3.765604340567613,29.62514866570671,34.54159514531723
10.0,100.0,3.776093489148581,29.525663500754973,34.42448409411495
10.0,100.0,3.7865826377295493,29.426679409503183,34.30848156355766
10.0,100.0,3.7970717863105174,29.328207282302664,34.19360031638629
10.0,100.0,3.807560934891486,29.230257953177926,34.0798529919769
10.0,100.0,3.8180500834724542,29.13284219863459,33.967252104949985
10.0,100.0,3.8285392320534224,29.03597073647366,33.855810043793475
10.0,100.0,3.8390283806343906,28.939654224612536,33.74553906949999
10.0,100.0,3.849517529215359,28.843903259912185,33.63645131421761
10.0,100.0,3.8600066777963273,28.748728377011474,33.52855877991528
10.0,100.0,3.8704958263772955,28.654140047168042,33.421873337062294
10.0,100.0,3.8809849749582637,28.56014867710614,33.316406723322146
10.0,100.0,3.8914741235392323,28.46676460787188,33.212170542261354
10.0,100.0,3.9019632721202004,28.37399811369537,33.10917626207272
10.0,100.0,3.9124524207011686,28.28185940086027,33.00743521431348
10.0,100.0,3.9229415692821368,28.19035860658106,32.90695859265882
10.0,100.0,3.9334307178631054,28.099505797887623,32.80775745167017
10.0,100.0,3.9439198664440736,28.009310970517596,32.70984270557896
10.0,100.0,3.9544090150250417,27.91978404781678,32.613225127085926
10.0,100.0,3.96489816360601,27.83093487964729,32.51791534617586
10.0,100.0,3.9753873121869785,27.742773241303766,32.42392384894796
10.0,100.0,3.9858764607679467,27.655308832438056,32.331260976462296
10.0,100.0,3.996365609348915,27.568551275991965,32.23993692360205
10.0,100.0,4.006854757929883,27.48251011713844,32.149961737951706
10.0,100.0,4.017343906510852,27.397194822231565,32.06134531869182
10.0,100.0,4.02783305509182,27.312614777764992,31.9740974155098
10.0,100.0,4.038322203672788,27.228779289339123,31.888227627527137
10.0,100.0,4.0488113522537565,27.14569758063747,31.803745402243493
10.0,100.0,4.059300500834724,27.063378792411783,31.720660034497158
10.0,100.0,4.069789649415693,26.98183198147627,31.638980665442375
10.0,100.0,4.0802787979966615,26.901066119711338,31.55871628154376
10.0,100.0,4.090767946577629,26.821090093076407,31.479875713587507
10.0,100.0,4.101257095158598,26.741912700632177,31.40246763570977
10.0,100.0,4.111746243739566,26.66354265357272,31.326500564442448
10.0,100.0,4.122235392320534,26.585988574266974,31.251982857776134
10.0,100.0,4.132724540901503,26.50925899531002,31.17892271424046
10.0,100.0,4.1432136894824705,26.433362358584482,31.10732817200225
10.0,100.0,4.153702838063439,26.35830701433165,31.03720710798107
10.0,100.0,4.164191986644408,26.284101220232703,30.968567236982533
10.0,100.0,4.174681135225375,26.210753140500355,30.901416110849638
10.0,100.0,4.185170283806344,26.138270844980518,30.83576111763185
10.0,100.0,4.195659432387313,26.066662308264394,30.771609480772184
10.0,100.0,4.20614858096828,25.995935408811242,30.708968258312602
10.0,100.0,4.216637729549249,25.926097928081496,30.647844342117423
10.0,100.0,4.227126878130217,25.857157549680593,30.588244457115003
10.0,100.0,4.237616026711185,25.789121858513724,30.53017516055796
10.0,100.0,4.248105175292154,25.721998339951284,30.47364284130171
10.0,100.0,4.258594323873122,25.655794379005258,30.41865371910147
10.0,100.0,4.26908347245409,25.590517259516815,30.365213843928075
10.0,100.0,4.279572621035059,25.52617416335492,30.313329095302294
10.0,100.0,4.290061769616027,25.46277216962605,30.26300518164792
10.0,100.0,4.300550918196995,25.400318253895513,30.214247639663803
10.0,100.0,4.311040066777963,25.338819287419913,30.16706183371467
10.0,100.0,4.3215292153589315,25.27828203639109,30.121452955240855
10.0,100.0,4.3320183639399,25.218713161191836,30.077426022187247
10.0,100.0,4.342507512520868,25.160119215663045,30.034985878451153
10.0,100.0,4.3529966611018365,25.102506646382594,29.99413719334933
10.0,100.0,4.363485809682805,25.045881791956184,29.954884461104342
10.0,100.0,4.373974958263773,24.99025088231993,29.91723200035004
10.0,100.0,4.384464106844741,24.93562003805485,29.881183953656432
10.0,100.0,4.39495325542571,24.881995269713606,29.846744287073925
10.0,100.0,4.405442404006678,24.829382477159143,29.813916789696982
10.0,100.0,4.415931552587646,24.777787448915532,29.7827050732472
10.0,100.0,4.426420701168614,24.727215861531242,29.75311257167601
10.0,100.0,4.436909849749583,24.677673278954444,29.725142540786784
10.0,100.0,4.447398998330551,24.629165151920986,29.698798057876722
10.0,100.0,4.457888146911519,24.58169681735465,29.674082021398213
10.0,100.0,4.468377295492488,24.535273497779922,29.650997150639963
10.0,100.0,4.478866444073456,24.489900300747504,29.62954598542784
10.0,100.0,4.489355592654424,24.445582218272314,29.6097308858454
10.0,100.0,4.499844741235393,24.402324126284242,29.591554031974265
10.0,100.0,4.51033388981636,24.360130784091766,29.575017423654238
10.0,100.0,4.520823038397329,24.319006833858232,29.560122880263286
10.0,100.0,4.5313121869782975,24.27895680009121,29.546872040517385
10.0,100.0,4.541801335559265,24.239985089144653,29.535266362290223
10.0,100.0,4.552290484140234,24.20209598873408,29.52530712245277
10.0,100.0,4.5627796327212025,24.165293667464912,29.51699541673284
10.0,100.0,4.57326878130217,24.129582174373777,29.51033215959452
10.0,100.0,4.583757929883139,24.094965438483023,29.505318084137535
10.0,100.0,4.5942470784641065,24.06144726836849,29.501953742016646
10.0,100.0,4.604736227045075,24.029031351740475,29.500239503380904
10.0,100.0,4.615225375626044,23.99772125503794,29.50017555683295
10.0,100.0,4.6257145242070115,23.96752042303623,29.501761909408255
10.0,100.0,4.63620367278798,23.938432178468005,29.50499838657437
10.0,100.0,4.646692821368949,23.910459721657688,29.509884632250092
10.0,100.0,4.657181969949916,23.883606130169355,29.51642010884467
10.0,100.0,4.667671118530885,23.857874358468152,29.524604097316928
10.0,100.0,4.678160267111853,23.833267237595237,29.534435697254406
10.0,100.0,4.688649415692821,23.80978747485629,29.54591382697238
10.0,100.0,4.69913856427379,23.787437653523675,29.55903722363292
10.0,100.0,4.709627712854758,23.7662202325522,29.573804443383793
10.0,100.0,4.720116861435726,23.746137546308603,29.590213861517327
10.0,100.0,4.730606010016695,23.72719180431472,29.60826367264916
10.0,100.0,4.741095158597663,23.709385091004364,29.6279518909169
10.0,100.0,4.751584307178631,23.69271936549402,29.649276350198566
10.0,100.0,4.7620734557596,23.677196461367302,29.672234704350927
10.0,100.0,4.772562604340568,23.6628180864732,29.696824427467647
10.0,100.0,4.783051752921536,23.649585822738196,29.723042814157168
10.0,100.0,4.793540901502504,23.63750112599221,29.75088697984034
10.0,100.0,4.8040300500834725,23.62656532580842,29.78035386106785
10.0,100.0,4.814519198664441,23.616779625357026,29.811440215857196
10.0,100.0,4.825008347245409,23.60814510127281,29.844142624049397
10.0,100.0,4.8354974958263774,23.600662703536727,29.878457487685328
10.0,100.0,4.845986644407346,23.59433325537137,29.914381031401504
10.0,100.0,4.856475792988314,23.589157453150413,29.951909302845472
10.0,100.0,4.866964941569282,23.58513586632197,29.991038173110702
10.0,100.0,4.87745409015025,23.582268937345972,30.03176333719078
10.0,100.0,4.887943238731219,23.580556981645472,30.074080314453077
10.0,100.0,4.898432387312187,23.580000187571937,30.117984449131768
10.0,100.0,4.908921535893155,23.580598616384535,30.16347091083997
10.0,100.0,4.919410684474124,23.582352202243392,30.210534695101245
10.0,100.0,4.929899833055092,23.58526075221684,30.25917062390022
10.0,100.0,4.94038898163606,23.589323946302628,30.309373346252215
10.0,100.0,4.950878130217029,23.59454133746316,30.36113733879199
10.0,100.0,4.961367278797996,23.600912351674637,30.41445690638148
10.0,100.0,4.971856427378965,23.608436287990248,30.469326182736317
10.0,100.0,4.9823455759599335,23.61711231861727,30.52573913107124
10.0,100.0,4.992834724540901,23.62693948900815,30.583689544764372
10.0,100.0,5.00332387312187,23.637916717965524,30.643171048039942
10.0,100.0,5.0138130217028385,23.650042797761163,30.704177096669824
10.0,100.0,5.024302170283806,23.66331639426887,30.766700978693606
10.0,100.0,5.034791318864775,23.677736047111228,30.830735815156906
10.0,100.0,5.045280467445743,23.69330016982032,30.896274560868278
10.0,100.0,5.055769616026711,23.71000705001223,30.96331000517441
10.0,100.0,5.06625876460768,23.727854849575458,31.031834772753292
10.0,100.0,5.0767479131886475,23.74684160487316,31.101841324425735
10.0,100.0,5.087237061769616,23.766965226959186,31.17332195798493
10.0,100.0,5.097726210350585,23.788223501807884,31.24626880904367
10.0,100.0,5.108215358931552,23.810614090557735,31.32067385189972
10.0,100.0,5.118704507512521,23.834134529768647,31.39652890041885
10.0,100.0,5.12919365609349,23.85878223169297,31.473825608935357
10.0,100.0,5.139682804674457,23.884554484560248,31.55255547317033
10.0,100.0,5.150171953255426,23.911448452875547,31.632709831167375
10.0,100.0,5.160661101836394,23.939461177731403,31.714279864245455
10.0,100.0,5.171150250417362,23.968589577133407,31.79725659796931
10.0,100.0,5.181639398998331,23.998830446339245,31.881630903136678
10.0,100.0,5.192128547579299,24.030180458211305,31.967393496782755
10.0,100.0,5.202617696160267,24.062636163582766,32.05453494320163
10.0,100.0,5.213106844741236,24.096193991637016,32.14304565498423
10.0,100.0,5.223595993322204,24.130850250300547,32.2329158940732
10.0,100.0,5.234085141903172,24.166601126649212,32.32413577283443
10.0,100.0,5.24457429048414,24.203442687327627,32.416695255144674
10.0,100.0,5.2550634390651085,24.241370878982007,32.51058415749598
10.0,100.0,5.265552587646077,24.280381528706094,32.60579215011586
10.0,100.0,5.276041736227045,24.32047034450023,32.702308758103904
10.0,100.0,5.2865308848080135,24.36163291574364,32.80012336258433
10.0,100.0,5.297020033388982,24.403864713679646,32.899225201874074
10.0,100.0,5.30750918196995,24.447161091913905,32.99960337266695
10.0,100.0,5.317998330550918,24.49151728692567,33.10124683123326
10.0,100.0,5.328487479131886,24.536928418591856,33.20414439463474
10.0,100.0,5.338976627712855,24.583389490723924,33.308284741954935
10.0,100.0,5.349465776293823,24.630895391617607,33.41365641554489
10.0,100.0,5.359954924874791,24.679440894615304,33.52024782228352
10.0,100.0,5.37044407345576,24.72902065868109,33.6280472348532
10.0,100.0,5.380933222036728,24.779629228988384,33.73704279303012
10.0,100.0,5.391422370617696,24.83126103752008,33.84722250498895
10.0,100.0,5.401911519198665,24.883910403681114,33.95857424862231
10.0,100.0,5.412400667779633,24.937571534923524,34.07108577287457
10.0,100.0,5.422889816360601,24.99223852738369,34.18474469908949
10.0,100.0,5.43337896494157,25.04790536653189,34.29953852237225
10.0,100.0,5.443868113522537,25.10456592783406,34.4154546129654
10.0,100.0,5.454357262103506,25.16221397742561,34.53248021763811
10.0,100.0,5.4648464106844745,25.22084317279724,34.65060246108948
10.0,100.0,5.475335559265442,25.280447063492822,34.76980834736516
10.0,100.0,5.485824707846411,25.34101909181904,34.89008476128697
10.0,100.0,5.4963138564273795,25.40255259356686,35.011418469895965
10.0,100.0,5.506803005008347,25.465040798744802,35.13379612390846
10.0,100.0,5.517292153589316,25.52847683232372,35.2572042591845
10.0,100.0,5.5277813021702835,25.592853714993193,35.38162929820929
10.0,100.0,5.538270450751252,25.658164363929508,35.50705755158719
10.0,100.0,5.548759599332221,25.724401593574754,35.633475219547535
10.0,100.0,5.5592487479131885,25.791558116427495,35.76086839346305
10.0,100.0,5.569737896494157,25.859626543844577,35.88922305738025
10.0,100.0,5.580227045075126,25.92859938685392,36.01852508956118
10.0,100.0,5.590716193656093,25.998469056978536,36.14876026403728
10.0,100.0,5.601205342237062,26.069227867071472,36.279914252174656
10.0,100.0,5.61169449081803,26.140868032161436,36.411972624250275
10.0,100.0,5.622183639398998,26.213381670309406,36.544920851039656
10.0,100.0,5.632672787979967,26.2867608034758,36.67874430541557
10.0,100.0,5.643161936560935,26.36099735839816,36.813428263957015
10.0,100.0,5.653651085141903,26.43608316747947,36.94895790856927
10.0,100.0,5.664140233722872,26.512009969686734,37.08531832811433
10.0,100.0,5.67462938230384,26.58876941145982,37.222494520051185
10.0,100.0,5.685118530884808,26.666353047630594,37.360471392086524
10.0,100.0,5.695607679465776,26.744752342352058,37.49923376383538
10.0,100.0,5.706096828046745,26.823958670037413,37.63876636849099
10.0,100.0,5.716585976627713,26.90396331630913,37.77905385450464
10.0,100.0,5.727075125208681,26.984757478957704,37.92008078727475
10.0,100.0,5.7375642737896495,27.066332268910013,38.061831650844795
10.0,100.0,5.748053422370618,27.148678711207413,38.20429084961046
10.0,100.0,5.758542570951586,27.231787745993113,38.34744271003569
10.0,100.0,5.7690317195325544,27.31565022950892,38.49127148237679
10.0,100.0,5.779520868113523,27.400256935101325,38.63576134241537
10.0,100.0,5.790010016694491,27.48559855423659,38.78089639319953
10.0,100.0,5.800499165275459,27.57166569752485,38.92666066679252
10.0,100.0,5.810988313856427,27.65844889575322,39.07303812602974
10.0,100.0,5.821477462437396,27.74593860092757,39.220012666283296
10.0,100.0,5.831966611018364,27.83412518732296,39.36756811723356
10.0,100.0,5.842455759599332,27.922998952542773,39.51568824464837
10.0,100.0,5.852944908180301,28.012550118586127,39.66435675216937
10.0,100.0,5.863434056761269,28.10276883292363,39.81355728310453
10.0,100.0,5.873923205342237,28.19364516958144,39.96327342222801
10.0,100.0,5.884412353923206,28.285169130233314,40.11348869758625
10.0,100.0,5.894901502504173,28.377330645300546,40.2641865823099
10.0,100.0,5.905390651085142,28.470119575060032,40.41535049643254
10.0,100.0,5.9158797996661106,28.56352571075962,40.56696380871448
10.0,100.0,5.926368948247078,28.657538775741422,40.719009838472694
10.0,100.0,5.936858096828047,28.75214842657253,40.87147185741618
10.0,100.0,5.9473472454090155,28.847344254182822,41.02433309148616
10.0,100.0,5.957836393989983,28.943115785010306,41.17757672270171
10.0,100.0,5.968325542570952,29.039452482153493,41.33118589101026
10.0,100.0,5.9788146911519195,29.136343746530503,41.485143696142174
10.0,100.0,5.989303839732888,29.233778918045346,41.639433199470616
10.0,100.0,5.999792988313857,29.33174727676069,41.7940374258747
10.0,100.0,6.0102821368948245,29.43023804407726,41.94893936560735
10.0,100.0,6.020771285475793,29.529240383919785,42.10412197616685
10.0,100.0,6.031260434056762,29.62874340392915,42.25956818417159
10.0,100.0,6.041749582637729,29.72873615666076,42.41526088723863
10.0,100.0,6.052238731218698,29.829207640789058,42.5711829558655
10.0,100.0,6.062727879799667,29.930146802317875,42.72731723531451
10.0,100.0,6.073217028380634,30.031542535796554,42.88364654750024
10.0,100.0,6.083706176961603,30.13338368554187,43.04015369287971
10.0,100.0,6.094195325542571,30.23565904686537,43.196821452344366
10.0,100.0,6.104684474123539,30.33835736730604,43.35363258911467
10.0,100.0,6.115173622704508,30.441467347868443,43.5105698506367
10.0,100.0,6.125662771285476,30.5449776442658,43.667615970479986
10.0,100.0,6.136151919866444,30.64887686816802,43.82475367023733
10.0,100.0,6.146641068447413,30.7531535884548,43.981965661425946
10.0,100.0,6.157130217028381,30.85779633247321,44.13923464738927
10.0,100.0,6.167619365609349,30.96279358729989,44.296543325200105
10.0,100.0,6.178108514190317,31.06813380100781,44.45387438756443
10.0,100.0,6.1885976627712855,31.1738053839372,44.611210524725344
10.0,100.0,6.199086811352254,31.279796709970572,44.76853442636757
10.0,100.0,6.209575959933222,31.386096117811967,44.92582878352218
10.0,100.0,6.2200651085141905,31.49269191226989,45.083076290470586
10.0,100.0,6.230554257095159,31.59957236554397,45.24025964664873
10.0,100.0,6.241043405676127,31.706725718515376,45.39736155855067
10.0,100.0,6.251532554257095,31.81414018204051,45.554364741630884
10.0,100.0,6.262021702838063,31.92180393824802,45.711251922206124
10.0,100.0,6.272510851419032,32.02970514183916,45.86800583935605
10.0,100.0,6.283,32.137831921390855,46.02460924682196
