Parameter,atoms_UP_Fit,atoms_UP_Fit_Std,atoms_DW_Fit,atoms_DW_Fit_Std,atoms_UP_Raw,atoms_UP_Raw_Std,atoms_DW_Raw,atoms_DW_Raw_Std,amp_UP_Fit,amp_UP_Fit_Std,amp_DW_Fit,amp_DW_Fit_Std,amp_UP_Raw,amp_UP_Raw_Std,amp_DW_Raw,amp_DW_Raw_Std,sigma_UP_Fit,sigma_UP_Fit_Std,sigma_DW_Fit,sigma_DW_Fit_Std,sigma_UP_Raw,sigma_UP_Raw_Std,sigma_DW_Raw,sigma_DW_Raw_Std,temp_UP_Fit,temp_UP_Fit_Std,temp_DW_Fit,temp_DW_Fit_Std,temp_UP_Raw,temp_UP_Raw_Std,temp_DW_Raw,temp_DW_Raw_Std,arrival_UP_Fit,arrival_UP_Fit_Std,arrival_DW_Fit,arrival_DW_Fit_Std,arrival_UP_Raw,arrival_UP_Raw_Std,arrival_DW_Raw,arrival_DW_Raw_Std,prob_UP_Fit,prob_UP_Fit_Std,prob_DW_Fit,prob_DW_Fit_Std,prob_UP_Raw,prob_UP_Raw_Std,prob_DW_Raw,prob_DW_Raw_Std
262,1098.4434,4916.0371,608230.3051,33176.7313,-9006.1022,7563.8085,623206.1189,32827.4798,0.0003,0.0001,0.0072,0.0004,0.0004,0.0001,0.0076,0.0003,3.4083,0.3564,4.5172,0.0182,5.4067,1.1423,4.2146,0.0952,2.4863,0.5017,4.3639,0.0343,6.4130,2.6121,3.7994,0.1678,0.8010,0.0004,0.8038,0.0001,0.8009,0.0013,0.8037,0.0001,0.1612,0.8070,99.8388,0.8070,-1.5161,1.2957,101.5161,1.2957
264,781.7458,5242.6906,637989.2806,36323.9437,-11180.4981,5837.3875,653916.3632,36451.7272,0.0004,0.0001,0.0075,0.0004,0.0004,0.0000,0.0079,0.0004,2.2575,2.7512,4.5504,0.0179,6.3007,1.0052,4.4275,0.3498,2.3659,0.5587,4.4284,0.0364,8.5775,2.6128,4.2113,0.6685,0.8010,0.0002,0.8038,0.0001,0.8004,0.0007,0.8036,0.0002,0.1095,0.8409,99.8905,0.8409,-1.7477,0.9439,101.7477,0.9439
266,1868.7388,5147.9097,633441.9024,57425.0030,-10382.8713,9493.3326,647505.9984,59020.0797,0.0004,0.0001,0.0075,0.0006,0.0004,0.0001,0.0079,0.0007,3.4515,0.4774,4.5641,0.0381,5.9601,0.8514,4.1721,0.2427,2.5657,0.7281,4.4559,0.0743,7.6471,2.3232,3.7341,0.4282,0.8009,0.0003,0.8038,0.0000,0.8006,0.0004,0.8039,0.0002,0.2632,0.8145,99.7368,0.8145,-1.7248,1.6410,101.7248,1.6410
268,-1994.6526,5804.5109,582920.5110,36497.8614,-11286.4456,5640.7765,597443.9804,36822.0574,0.0003,0.0001,0.0069,0.0004,0.0004,0.0000,0.0073,0.0004,3.1105,0.4749,4.5291,0.0572,5.0235,1.1620,4.1721,0.1904,2.0896,0.6555,4.3881,0.1105,5.5851,2.2896,3.7302,0.3420,0.8008,0.0003,0.8038,0.0002,0.8013,0.0008,0.8039,0.0004,-0.3942,1.0006,100.3942,1.0006,-1.9516,0.9627,101.9516,0.9627
270,9883.8668,9506.3615,638236.4001,49659.9364,1027.1394,15753.5890,653059.9040,50935.5369,0.0004,0.0001,0.0075,0.0005,0.0005,0.0001,0.0079,0.0006,3.7991,0.8437,4.5614,0.0536,6.1730,1.0428,4.2146,0.2332,3.1821,1.3189,4.4498,0.1053,8.2338,2.7030,3.8070,0.4096,0.8009,0.0003,0.8037,0.0001,0.7998,0.0010,0.8037,0.0002,1.4898,1.4532,98.5102,1.4532,0.0531,2.4757,99.9469,2.4757
272,4421.4030,11159.2306,614893.0715,35885.6132,-3523.7950,9683.5972,629133.0758,38363.7253,0.0004,0.0001,0.0072,0.0004,0.0004,0.0001,0.0076,0.0004,2.3696,2.8766,4.5662,0.0460,6.0027,0.7435,4.4275,0.2332,2.5940,0.6129,4.4601,0.0902,7.7177,1.9831,4.1992,0.4447,0.8008,0.0003,0.8038,0.0001,0.8003,0.0013,0.8036,0.0001,0.6307,1.7301,99.3693,1.7301,-0.6224,1.4680,100.6224,1.4680
274,3505.6117,5979.4155,624374.9866,25781.0375,-7563.8690,9885.4072,636317.0109,26065.9848,0.0004,0.0001,0.0073,0.0003,0.0004,0.0001,0.0077,0.0004,3.5037,0.4733,4.5843,0.0359,4.7361,1.2697,4.5233,0.2038,2.6389,0.6783,4.4951,0.0707,5.0124,2.8306,4.3780,0.3889,0.8009,0.0002,0.8038,0.0000,0.8013,0.0012,0.8034,0.0001,0.5518,0.9729,99.4482,0.9729,-1.2225,1.6395,101.2225,1.6395
276,2973.8234,10384.7948,622034.7928,34435.5619,-8357.3498,13726.0923,634136.7776,35882.7085,0.0004,0.0001,0.0073,0.0003,0.0004,0.0001,0.0077,0.0003,1.0026,3.5920,4.5685,0.0568,6.2581,1.0707,4.1721,0.2427,2.4007,1.1259,4.4648,0.1114,8.4672,2.7753,3.7340,0.4264,0.8007,0.0003,0.8038,0.0001,0.7997,0.0005,0.8039,0.0004,0.4345,1.6217,99.5655,1.6217,-1.4024,2.1842,101.4024,2.1842
278,2503.0334,6568.6302,612606.9111,61452.8014,-7435.8229,8276.2625,626279.1810,63546.3569,0.0004,0.0001,0.0072,0.0007,0.0004,0.0001,0.0076,0.0008,2.1961,2.6917,4.5618,0.0551,5.3641,1.3070,4.3424,0.1166,2.2512,0.6094,4.4505,0.1071,6.3832,3.0338,4.0332,0.2162,0.8007,0.0005,0.8037,0.0001,0.8007,0.0009,0.8036,0.0002,0.3518,1.0467,99.6482,1.0467,-1.2911,1.4187,101.2911,1.4187
280,5169.2160,11799.1778,660814.0696,48320.1051,-5145.1811,14910.9279,675643.2238,51793.3156,0.0004,0.0001,0.0078,0.0005,0.0005,0.0001,0.0082,0.0006,3.5817,0.7733,4.5784,0.0282,5.1512,1.5305,4.3424,0.3228,2.8211,1.2314,4.4839,0.0549,6.0067,3.2422,4.0509,0.5830,0.8007,0.0002,0.8038,0.0001,0.8006,0.0017,0.8038,0.0002,0.7377,1.8099,99.2623,1.8099,-0.8238,2.2987,100.8238,2.2987
282,3543.1212,5581.3203,640946.6990,33339.1146,-4952.5468,11490.0634,652383.3870,34372.4770,0.0004,0.0000,0.0075,0.0004,0.0005,0.0001,0.0079,0.0004,2.3419,3.0318,4.5842,0.0371,5.6195,1.3344,4.3424,0.2427,2.7204,0.7152,4.4941,0.0717,6.9787,3.3967,4.0408,0.4510,0.8006,0.0002,0.8037,0.0001,0.8001,0.0008,0.8036,0.0003,0.5527,0.8948,99.4473,0.8948,-0.7950,1.8399,100.7950,1.8399
284,1734.4075,2695.4302,622647.3361,49364.1713,-12387.9523,4756.0252,634604.0198,49189.9255,0.0004,0.0000,0.0073,0.0006,0.0004,0.0000,0.0076,0.0006,3.2321,0.2490,4.5743,0.0331,6.0027,1.8520,4.3424,0.2427,2.2243,0.3480,4.4755,0.0644,8.1884,4.5305,4.0426,0.4520,0.8006,0.0003,0.8038,0.0001,0.7998,0.0011,0.8038,0.0002,0.2667,0.4475,99.7333,0.4475,-2.0082,0.8249,102.0082,0.8249
286,8409.1493,14796.8824,627577.6838,49614.9892,-3139.9727,23338.1526,642027.1103,51437.2077,0.0004,0.0001,0.0074,0.0005,0.0005,0.0002,0.0077,0.0005,3.6249,0.8388,4.5839,0.0700,6.3007,2.3152,4.3424,0.2427,2.9049,1.3434,4.4952,0.1363,9.2755,6.4264,4.0418,0.4493,0.8008,0.0003,0.8038,0.0002,0.7997,0.0015,0.8037,0.0004,1.2295,2.2199,98.7705,2.2199,-0.6813,3.5714,100.6813,3.5714
288,4978.4863,9104.8828,646424.4298,52772.6647,-3731.2474,10556.3147,661089.1317,51131.2069,0.0004,0.0001,0.0076,0.0006,0.0005,0.0001,0.0079,0.0005,2.4199,2.9571,4.5964,0.0587,6.4710,1.7201,4.2998,0.2332,2.7240,0.6096,4.5201,0.1154,9.3371,4.3238,3.9643,0.4360,0.8007,0.0001,0.8039,0.0001,0.7994,0.0007,0.8039,0.0002,0.7646,1.3998,99.2354,1.3998,-0.5748,1.6078,100.5748,1.6078
290,9866.8276,8987.2601,614403.7158,20316.8345,4017.9355,11713.4045,627639.5927,20039.8778,0.0004,0.0001,0.0072,0.0002,0.0005,0.0001,0.0075,0.0003,3.7132,0.5641,4.5888,0.0418,5.5344,0.7526,4.2572,0.1505,2.9752,0.9691,4.5039,0.0816,6.5603,1.7346,3.8804,0.2713,0.8005,0.0002,0.8038,0.0001,0.7996,0.0014,0.8038,0.0003,1.5468,1.4019,98.4532,1.4019,0.5951,1.8402,99.4049,1.8402
292,8224.7936,5505.7826,595247.6104,23921.7158,-2191.8619,6609.4372,607513.4331,23516.1493,0.0004,0.0001,0.0070,0.0003,0.0005,0.0001,0.0073,0.0003,3.4633,0.2562,4.5871,0.0634,5.5769,1.1502,4.2998,0.1781,2.5503,0.3722,4.5000,0.1237,6.7922,2.6787,3.9582,0.3235,0.8003,0.0002,0.8037,0.0001,0.7996,0.0008,0.8037,0.0002,1.3739,0.9395,98.6261,0.9395,-0.3558,1.0853,100.3558,1.0853
294,9513.5726,6995.5095,632422.3998,16859.9916,-1415.9818,13087.5548,644597.8808,17680.7236,0.0005,0.0000,0.0074,0.0002,0.0005,0.0001,0.0077,0.0002,3.4463,0.6012,4.5834,0.0401,5.6621,0.8326,4.5978,0.2427,2.5780,0.9190,4.4947,0.0791,6.8957,2.1079,4.5289,0.4704,0.8006,0.0003,0.8039,0.0001,0.8000,0.0006,0.8036,0.0003,1.4635,1.0611,98.5365,1.0611,-0.2791,2.0588,100.2791,2.0588
296,2426.2262,5569.1062,583591.1736,43560.3971,-8724.6828,6183.4069,595085.9013,42802.7275,0.0004,0.0001,0.0069,0.0005,0.0004,0.0001,0.0073,0.0006,1.9916,2.4592,4.5472,0.0460,6.3858,1.2683,4.2572,0.1505,1.8641,0.4615,4.4223,0.0890,8.8706,3.7184,3.8794,0.2731,0.8004,0.0001,0.8038,0.0001,0.7992,0.0006,0.8037,0.0001,0.3893,0.9206,99.6107,0.9206,-1.5559,1.1497,101.5559,1.1497
298,7048.9221,13594.1194,615671.8709,52954.5329,-6122.5654,18597.8004,626910.2778,55247.9512,0.0004,0.0001,0.0072,0.0006,0.0005,0.0001,0.0075,0.0007,3.2794,0.8320,4.5961,0.0514,5.1512,0.5300,4.5552,0.1166,2.3938,1.3428,4.5180,0.1000,5.6611,1.1342,4.4375,0.2272,0.8002,0.0003,0.8038,0.0001,0.8000,0.0008,0.8036,0.0001,1.0256,2.0116,98.9744,2.0116,-1.1492,2.8659,101.1492,2.8659
300,11447.2694,12807.0682,661956.1183,58103.0097,2430.3241,17330.1763,674680.8538,59729.3291,0.0005,0.0001,0.0076,0.0005,0.0006,0.0001,0.0080,0.0006,3.3909,0.6496,4.6671,0.0802,5.4918,0.8828,4.5552,0.1904,2.5032,0.9430,4.6597,0.1598,6.4891,2.0096,4.4412,0.3627,0.8000,0.0001,0.8038,0.0001,0.7990,0.0008,0.8036,0.0002,1.5650,1.6872,98.4350,1.6872,0.1505,2.5143,99.8495,2.5143
302,7395.2345,4317.4248,607913.2902,28382.4936,-5520.6688,9660.9708,621707.7194,28128.5462,0.0004,0.0001,0.0071,0.0003,0.0005,0.0000,0.0075,0.0003,3.4390,0.4716,4.5780,0.0472,6.7690,0.7879,4.2998,0.1781,2.5418,0.7347,4.4830,0.0921,9.7748,2.2363,3.9588,0.3234,0.8003,0.0002,0.8038,0.0002,0.7993,0.0005,0.8037,0.0003,1.2001,0.7088,98.7999,0.7088,-0.8957,1.6128,100.8957,1.6128
304,2112.8904,6268.7532,619187.1078,40696.3324,-10988.6387,9160.3318,631216.3164,42022.4546,0.0004,0.0001,0.0073,0.0005,0.0004,0.0001,0.0076,0.0005,2.0810,2.5547,4.5734,0.0301,6.8541,0.8161,4.1721,0.1904,2.0220,0.5664,4.4741,0.0590,10.0338,2.3826,3.7303,0.3437,0.8002,0.0002,0.8038,0.0000,0.7995,0.0005,0.8039,0.0002,0.3176,1.0230,99.6824,1.0230,-1.7629,1.4212,101.7629,1.4212
306,15401.7909,12314.7173,635334.5611,30295.5033,7887.6673,17192.2278,647945.5874,33940.4380,0.0005,0.0001,0.0074,0.0003,0.0006,0.0001,0.0077,0.0003,3.6076,0.5384,4.6410,0.0367,5.8324,1.4793,4.4275,0.2332,2.8020,0.8644,4.6082,0.0726,7.5327,3.7896,4.2010,0.4446,0.8000,0.0001,0.8039,0.0001,0.7989,0.0010,0.8037,0.0001,2.2913,1.7134,97.7087,1.7134,1.0594,2.4693,98.9406,2.4693
308,12200.4747,6738.1532,641308.6362,53764.4932,2303.1339,11340.2649,651842.7705,55737.9942,0.0005,0.0001,0.0074,0.0005,0.0006,0.0001,0.0078,0.0006,3.4863,0.4897,4.6451,0.0546,6.2155,0.8567,4.4275,0.0952,2.6128,0.7358,4.6161,0.1083,8.2677,2.2238,4.1927,0.1763,0.8002,0.0003,0.8039,0.0000,0.7989,0.0005,0.8037,0.0001,1.8115,0.9424,98.1885,0.9424,0.2366,1.8620,99.7634,1.8620
310,11761.8166,8673.7285,604826.1423,41799.9971,-836.3413,13401.9065,616993.2661,43940.1393,0.0006,0.0001,0.0071,0.0005,0.0006,0.0001,0.0074,0.0005,3.0587,0.3873,4.5938,0.0355,4.8106,1.0493,4.2998,0.1781,2.0035,0.5298,4.5145,0.0699,5.0728,2.0567,3.9605,0.3239,0.7999,0.0002,0.8039,0.0001,0.7996,0.0006,0.8039,0.0002,1.8641,1.2345,98.1359,1.2345,-0.2326,2.0238,100.2326,2.0238
312,12440.6821,6680.6471,622866.1327,37308.9328,1363.4729,11467.4947,635519.2723,36993.0794,0.0006,0.0001,0.0072,0.0003,0.0007,0.0001,0.0075,0.0003,3.0142,0.3285,4.6370,0.0682,4.8106,1.6253,4.4701,0.1505,1.9391,0.4136,4.6005,0.1370,5.3314,3.3862,4.2772,0.2867,0.7998,0.0003,0.8039,0.0001,0.7995,0.0008,0.8038,0.0001,1.9189,0.9111,98.0811,0.9111,0.1258,1.7530,99.8742,1.7530
314,20556.3145,6678.3381,639651.9661,24955.4519,11401.1724,9383.3208,650822.4623,24946.4555,0.0007,0.0001,0.0073,0.0003,0.0007,0.0000,0.0077,0.0003,3.2380,0.1640,4.6868,0.0134,5.3215,0.6021,4.5552,0.3228,2.2198,0.2213,4.6978,0.0257,6.0258,1.3320,4.4526,0.6104,0.7996,0.0001,0.8038,0.0001,0.7986,0.0003,0.8036,0.0003,3.1271,1.0607,96.8729,1.0607,1.7356,1.4433,98.2644,1.4433
316,16349.3809,8474.9058,592231.8411,74045.7131,5441.1770,10832.2121,602649.4341,77098.6973,0.0006,0.0001,0.0068,0.0008,0.0007,0.0001,0.0071,0.0009,3.0186,0.3526,4.6522,0.0570,4.6404,0.9327,4.6829,0.3366,1.9467,0.4754,4.6309,0.1138,4.6873,1.8755,4.7067,0.6677,0.7997,0.0002,0.8039,0.0001,0.7991,0.0005,0.8036,0.0005,2.5920,1.0168,97.4080,1.0168,0.7434,1.6206,99.2566,1.6206
318,19502.3477,4003.6080,597705.6047,54109.9963,13090.9087,4896.2879,608510.3225,55437.9095,0.0006,0.0001,0.0069,0.0006,0.0007,0.0000,0.0072,0.0006,3.3382,0.2263,4.6692,0.0508,5.1512,0.8699,4.2572,0.3366,2.3638,0.3138,4.6639,0.1019,5.7255,1.9185,3.8969,0.6111,0.7997,0.0002,0.8038,0.0001,0.7992,0.0006,0.8039,0.0002,3.1494,0.5257,96.8506,0.5257,2.0696,0.6080,97.9304,0.6080
320,15113.5646,5495.0251,578845.3286,26119.8499,5676.1267,10120.5622,591311.5786,25139.5933,0.0006,0.0001,0.0067,0.0003,0.0006,0.0001,0.0071,0.0003,3.1087,0.2745,4.6458,0.0222,4.0443,0.8244,4.2998,0.2775,2.0552,0.3672,4.6160,0.0440,3.5682,1.4386,3.9674,0.5120,0.7997,0.0001,0.8038,0.0001,0.7996,0.0009,0.8038,0.0003,2.5331,0.8986,97.4669,0.8986,0.9135,1.7176,99.0865,1.7176
322,16154.2408,4174.5548,620608.6229,50483.8919,2960.1668,9277.7657,631603.2982,49791.3703,0.0007,0.0001,0.0072,0.0005,0.0007,0.0001,0.0075,0.0006,3.0356,0.2415,4.6598,0.0382,4.7681,0.8049,4.5978,0.3562,1.9579,0.3154,4.6457,0.0757,4.9080,1.5509,4.5407,0.7075,0.7998,0.0002,0.8039,0.0002,0.7994,0.0006,0.8036,0.0002,2.5520,0.6854,97.4480,0.6854,0.4418,1.3704,99.5582,1.3704
324,17571.2954,6429.5059,559388.7465,14619.1584,10363.3192,7575.2996,571388.0636,15032.7836,0.0006,0.0001,0.0065,0.0002,0.0007,0.0001,0.0068,0.0002,3.2596,0.2323,4.6278,0.0216,4.3424,0.8461,4.4701,0.3010,2.2558,0.3075,4.5814,0.0436,4.0997,1.6828,4.2873,0.5822,0.7999,0.0002,0.8039,0.0001,0.7994,0.0008,0.8037,0.0003,3.0334,1.0692,96.9666,1.0692,1.7601,1.2751,98.2399,1.2751
326,16362.5010,10503.6328,601548.9004,15008.0606,9635.2966,18198.4521,616411.9651,17811.1973,0.0006,0.0001,0.0070,0.0001,0.0006,0.0001,0.0074,0.0002,3.4723,0.6565,4.6209,0.0477,5.1087,1.3630,4.3849,0.1166,2.6229,0.9294,4.5676,0.0935,5.8180,2.8661,4.1145,0.2165,0.7999,0.0002,0.8038,0.0001,0.7995,0.0013,0.8038,0.0001,2.5983,1.6624,97.4017,1.6624,1.4146,2.9389,98.5854,2.9389
328,8244.8593,3398.7462,594563.1975,14825.0970,-6143.8552,7785.5452,607100.0546,15589.3096,0.0005,0.0001,0.0069,0.0002,0.0006,0.0001,0.0073,0.0002,2.8375,0.2716,4.6075,0.0617,4.8532,0.8955,4.3424,0.1904,1.7152,0.3217,4.5420,0.1220,5.1067,1.8973,4.0393,0.3608,0.7999,0.0003,0.8039,0.0001,0.7993,0.0004,0.8038,0.0004,1.3593,0.5363,98.6407,0.5363,-1.0586,1.3704,101.0586,1.3704
330,16632.4747,11617.7370,606403.0257,53384.0714,7305.4752,15918.6273,618246.3385,54832.8454,0.0006,0.0001,0.0070,0.0005,0.0007,0.0001,0.0073,0.0005,3.2711,0.5717,4.6555,0.0601,4.6404,0.3808,4.5552,0.2856,2.3183,0.8077,4.6370,0.1198,4.5761,0.7840,4.4494,0.5298,0.7999,0.0003,0.8039,0.0002,0.7998,0.0003,0.8036,0.0004,2.6184,1.8356,97.3816,1.8356,1.0643,2.6533,98.9357,2.6533
332,20170.5756,11237.9170,646432.4062,13314.8491,7809.3341,20318.5118,658195.1322,15541.3662,0.0007,0.0001,0.0074,0.0001,0.0007,0.0001,0.0078,0.0002,3.2162,0.5636,4.6725,0.0545,4.7255,0.8828,4.3424,0.2427,2.2415,0.8222,4.6699,0.1087,4.8490,1.9044,4.0432,0.4517,0.8000,0.0001,0.8038,0.0001,0.7997,0.0004,0.8038,0.0002,2.9908,1.5520,97.0092,1.5520,1.0607,2.8987,98.9393,2.8987
334,20603.6266,2119.4660,608868.7796,32019.0134,9943.1105,3450.9596,618118.6798,34005.4484,0.0008,0.0001,0.0070,0.0003,0.0008,0.0001,0.0072,0.0004,2.9934,0.3254,4.7102,0.0562,4.0443,0.4598,4.4169,0.2038,1.9105,0.4323,4.7466,0.1138,3.4887,0.8049,4.1808,0.3870,0.7997,0.0002,0.8039,0.0001,0.7997,0.0009,0.8039,0.0002,3.2824,0.4168,96.7176,0.4168,1.6017,0.6024,98.3983,0.6024
336,31263.7456,8555.3795,625824.9740,54072.5380,29014.4436,10458.6168,638561.9051,55784.5012,0.0008,0.0002,0.0071,0.0006,0.0009,0.0002,0.0074,0.0006,3.3657,0.1645,4.7252,0.0418,4.5126,0.6629,4.5978,0.2427,2.3986,0.2269,4.7757,0.0842,4.3668,1.2862,4.5284,0.4723,0.7997,0.0002,0.8038,0.0001,0.7989,0.0004,0.8036,0.0002,4.7260,1.0578,95.2740,1.0578,4.2973,1.3066,95.7027,1.3066
338,27214.4132,12821.4619,591363.2085,48423.0286,11508.2836,19430.1913,597960.6149,49933.1089,0.0010,0.0003,0.0067,0.0004,0.0010,0.0003,0.0069,0.0005,2.5703,0.1702,4.7432,0.1313,3.5761,0.6798,4.5978,0.3228,1.3999,0.1826,4.8157,0.2674,2.7777,0.9632,4.5386,0.6466,0.7995,0.0002,0.8039,0.0001,0.7994,0.0005,0.8038,0.0003,4.2799,1.8030,95.7201,1.8030,1.6373,3.2567,98.3627,3.2567
340,39411.6947,12730.3871,613343.6429,25305.3241,29738.4097,12819.7532,622219.4616,27813.0638,0.0012,0.0003,0.0068,0.0003,0.0012,0.0003,0.0071,0.0003,2.8087,0.0889,4.8226,0.0843,3.4909,0.6831,4.5126,0.0952,1.6678,0.1055,4.9765,0.1754,2.6508,0.9877,4.3587,0.1861,0.7996,0.0001,0.8039,0.0001,0.7994,0.0006,0.8039,0.0002,6.0050,1.8028,93.9950,1.8028,4.5265,1.8678,95.4735,1.8678
342,32097.8281,6868.7339,571949.4530,13452.0705,25046.7574,8189.9175,579701.7611,11009.2594,0.0009,0.0001,0.0064,0.0002,0.0010,0.0001,0.0067,0.0002,2.9408,0.1258,4.7919,0.0662,4.0443,0.4760,4.6404,0.4362,1.8293,0.1523,4.9118,0.1334,3.4852,0.8062,4.6355,0.8840,0.7995,0.0002,0.8038,0.0001,0.7989,0.0006,0.8037,0.0005,5.3162,1.1402,94.6838,1.1402,4.1407,1.3471,95.8593,1.3471
344,30292.7955,3640.9648,541346.3011,14121.8417,21276.0521,8054.7268,550406.5977,12805.1486,0.0009,0.0001,0.0061,0.0001,0.0010,0.0000,0.0064,0.0002,2.8572,0.2507,4.7568,0.0467,3.4483,0.5907,4.7255,0.0952,1.7357,0.3061,4.8414,0.0952,2.5693,0.8171,4.7774,0.1958,0.7997,0.0002,0.8039,0.0002,0.7995,0.0007,0.8038,0.0001,5.2897,0.5007,94.7103,0.5007,3.6888,1.3121,96.3112,1.3121
346,27182.2856,9824.0243,595396.1277,68295.9626,15016.2510,15063.5256,603677.1320,72940.2779,0.0009,0.0002,0.0067,0.0007,0.0010,0.0002,0.0070,0.0008,2.8204,0.3429,4.7581,0.0724,3.5654,0.2038,4.7894,0.2748,1.6986,0.4079,4.8422,0.1483,2.6923,0.3104,4.9137,0.5606,0.7995,0.0003,0.8037,0.0002,0.7996,0.0007,0.8035,0.0003,4.2837,1.2329,95.7163,1.2329,2.2281,2.3822,97.7719,2.3822
348,30012.6726,3685.9771,649929.7527,39483.5416,17996.9093,5979.7810,661387.8221,38381.8989,0.0010,0.0001,0.0074,0.0004,0.0010,0.0001,0.0076,0.0004,2.9295,0.1649,4.7469,0.0741,3.8741,0.7879,4.5978,0.2856,1.8179,0.2024,4.8210,0.1488,3.2746,1.2434,4.5335,0.5823,0.7996,0.0001,0.8039,0.0001,0.7996,0.0004,0.8037,0.0002,4.4055,0.3658,95.5945,0.3658,2.6120,0.7611,97.3880,0.7611
350,36063.6062,6760.7364,595605.0356,16519.7509,28758.9025,10496.3216,605519.9068,17512.8082,0.0010,0.0001,0.0067,0.0002,0.0010,0.0001,0.0070,0.0002,3.0206,0.1849,4.7660,0.0315,3.2355,0.5907,4.5126,0.0952,1.9325,0.2390,4.8576,0.0632,2.2700,0.8857,4.3561,0.1856,0.7995,0.0001,0.8037,0.0001,0.7997,0.0007,0.8037,0.0001,5.6945,0.9391,94.3055,0.9391,4.5030,1.4823,95.4970,1.4823
352,33719.2446,3450.7655,604009.3597,38436.8342,21988.9041,6154.6755,612854.0236,37604.3955,0.0010,0.0001,0.0068,0.0005,0.0011,0.0000,0.0071,0.0005,2.8073,0.1924,4.7635,0.0277,3.5761,0.3808,4.6829,0.2607,1.6708,0.2366,4.8547,0.0557,2.7244,0.5588,4.6995,0.5083,0.7995,0.0001,0.8039,0.0002,0.7994,0.0003,0.8036,0.0003,5.2941,0.5363,94.7059,0.5363,3.4465,0.8551,96.5535,0.8551
354,38876.3307,7458.2312,565372.6772,49368.2879,29235.5302,14043.9457,570998.1159,52286.9932,0.0011,0.0001,0.0063,0.0005,0.0012,0.0002,0.0065,0.0006,2.7854,0.3097,4.8082,0.0707,3.3632,0.4362,4.6404,0.1781,1.6538,0.3664,4.9450,0.1455,2.4176,0.6408,4.6086,0.3545,0.7993,0.0001,0.8038,0.0001,0.7991,0.0006,0.8036,0.0002,6.3935,0.7894,93.6065,0.7894,4.7274,2.0198,95.2726,2.0198
356,45297.4310,6570.7713,587491.1853,44570.9594,35519.4136,10419.6647,595897.1793,45640.4606,0.0013,0.0001,0.0065,0.0005,0.0013,0.0001,0.0068,0.0006,2.7863,0.1537,4.8470,0.0273,3.3206,0.5751,4.7681,0.1166,1.6428,0.1786,5.0268,0.0560,2.3823,0.8602,4.8645,0.2369,0.7993,0.0001,0.8039,0.0001,0.7993,0.0004,0.8038,0.0002,7.1705,1.0144,92.8295,1.0144,5.6329,1.6152,94.3671,1.6152
358,76397.2478,15142.7545,584110.4165,59003.8735,67435.1839,16851.4191,586287.3752,57981.8049,0.0019,0.0003,0.0062,0.0005,0.0019,0.0003,0.0063,0.0006,2.7238,0.1175,5.0627,0.1094,3.0226,0.3157,5.0235,0.4414,1.5675,0.1356,5.4859,0.2352,1.9448,0.3947,5.4289,0.9377,0.7991,0.0001,0.8039,0.0001,0.7993,0.0003,0.8037,0.0004,11.5122,1.5936,88.4878,1.5936,10.2121,1.5960,89.7879,1.5960
360,101933.5283,22798.1724,547715.8701,42543.8411,89043.9926,31139.2884,546659.6977,43666.1074,0.0024,0.0004,0.0056,0.0004,0.0024,0.0004,0.0056,0.0004,2.6446,0.1094,5.2594,0.1430,3.0226,0.2775,5.4067,0.3228,1.4775,0.1226,5.9223,0.3225,1.9405,0.3582,6.2701,0.7646,0.7991,0.0001,0.8039,0.0001,0.7992,0.0002,0.8038,0.0003,15.6030,2.5095,84.3970,2.5095,13.8123,3.6549,86.1877,3.6549
362,129623.4590,21608.8765,530228.1311,29316.9767,123332.3946,24018.9090,526518.5638,30071.1310,0.0029,0.0004,0.0052,0.0005,0.0029,0.0004,0.0052,0.0006,2.7198,0.0289,5.4961,0.1942,3.1503,0.2775,5.5769,0.1781,1.5603,0.0333,6.4684,0.4593,2.1049,0.3616,6.6590,0.4199,0.7990,0.0001,0.8039,0.0001,0.7989,0.0004,0.8039,0.0004,19.6663,3.3780,80.3337,3.3780,19.0045,3.8392,80.9955,3.8392
364,167268.7816,30516.6988,498968.2599,50472.3162,161598.5677,37259.4956,491496.8938,47911.1658,0.0036,0.0005,0.0046,0.0004,0.0035,0.0005,0.0045,0.0005,2.7750,0.1180,5.8337,0.2483,3.2781,0.2427,6.1730,0.5427,1.6268,0.1367,7.2947,0.6229,2.2746,0.3365,8.2014,1.3821,0.7991,0.0001,0.8041,0.0001,0.7988,0.0004,0.8039,0.0003,25.0083,2.7226,74.9917,2.7226,24.5286,3.3354,75.4714,3.3354
366,180254.4241,9909.7979,473024.4220,17163.2509,171398.1314,12746.4925,464540.3153,16603.2355,0.0038,0.0002,0.0043,0.0001,0.0037,0.0002,0.0042,0.0001,2.8092,0.0785,5.9707,0.0648,3.4483,0.4094,6.5135,0.1904,1.6655,0.0922,7.6295,0.1654,2.5333,0.5612,9.0757,0.5322,0.7991,0.0001,0.8040,0.0000,0.7987,0.0004,0.8036,0.0002,27.5830,0.6662,72.4170,0.6662,26.9265,1.0247,73.0735,1.0247
368,211249.9973,8680.5956,431756.0885,24161.5116,198148.1916,11135.9005,418446.3695,23529.1754,0.0043,0.0002,0.0037,0.0002,0.0042,0.0002,0.0035,0.0002,2.8392,0.0596,6.3463,0.0821,3.3206,0.4149,6.7264,0.1166,1.7008,0.0700,8.6220,0.2216,2.3532,0.6195,9.6857,0.3321,0.7990,0.0001,0.8041,0.0001,0.7989,0.0004,0.8040,0.0001,32.8797,1.4735,67.1203,1.4735,32.1513,1.4851,67.8487,1.4851
370,238197.3603,21571.9791,434492.7925,49819.0848,226343.9658,24136.0257,418605.3218,42610.0705,0.0046,0.0004,0.0036,0.0004,0.0045,0.0004,0.0034,0.0003,2.9405,0.0178,6.5354,0.0712,3.0865,0.2748,7.1840,0.2038,1.8235,0.0231,9.1426,0.2008,2.0224,0.3558,11.0416,0.6278,0.7990,0.0002,0.8041,0.0002,0.7993,0.0004,0.8037,0.0001,35.4544,0.5911,64.5456,0.5911,35.0894,0.4554,64.9106,0.4554
372,238867.2672,19517.3334,431348.1310,39581.7966,230420.0190,23783.5562,416742.4841,38331.8852,0.0046,0.0003,0.0036,0.0003,0.0044,0.0003,0.0034,0.0004,2.9871,0.0708,6.5153,0.0653,2.9800,0.7526,7.2798,0.1781,1.8824,0.0886,9.0854,0.1814,1.9684,1.0646,11.3278,0.5465,0.7990,0.0001,0.8040,0.0001,0.7993,0.0007,0.8034,0.0002,35.6586,0.6087,64.3414,0.6087,35.5899,0.9172,64.4101,0.9172
374,213695.0956,15372.4923,408018.1842,39519.9377,195797.1677,16406.6538,397790.2828,39279.8137,0.0041,0.0003,0.0035,0.0004,0.0039,0.0003,0.0035,0.0005,3.0148,0.0853,6.2778,0.1602,3.2781,0.6491,6.9818,0.3498,1.9185,0.1105,8.4396,0.4299,2.3379,0.9492,10.4382,1.0480,0.7991,0.0001,0.8041,0.0001,0.7993,0.0007,0.8035,0.0002,34.4228,1.3426,65.5772,1.3426,33.0220,1.2744,66.9780,1.2744
376,217438.1997,22090.2999,452006.9331,35492.9232,206024.8369,22380.0060,442035.1826,36519.4733,0.0040,0.0004,0.0040,0.0003,0.0038,0.0004,0.0043,0.0004,3.1712,0.0263,6.0804,0.2220,3.6186,0.5764,6.5455,0.4720,2.1212,0.0353,7.9190,0.5785,2.8136,0.9365,9.1908,1.3057,0.7990,0.0001,0.8040,0.0000,0.7991,0.0007,0.8035,0.0001,32.4675,2.0376,67.5325,2.0376,31.7752,2.1304,68.2248,2.1304
378,194894.9596,14103.4357,465380.8607,54081.9643,186202.7117,16628.5945,457765.3140,54512.9055,0.0035,0.0002,0.0043,0.0005,0.0033,0.0002,0.0046,0.0006,3.2742,0.1115,5.8273,0.1080,3.2355,0.3498,5.9601,0.3366,2.2639,0.1549,7.2688,0.2723,2.2326,0.4679,7.6152,0.8544,0.7992,0.0000,0.8040,0.0001,0.7997,0.0004,0.8037,0.0002,29.6005,1.4413,70.3995,1.4413,28.9854,1.5813,71.0146,1.5813
380,169171.1086,20952.3567,486002.2138,47640.1062,156399.9178,23137.4795,486961.5329,50291.2794,0.0029,0.0003,0.0048,0.0005,0.0028,0.0003,0.0053,0.0007,3.3952,0.0996,5.4754,0.1744,3.1929,0.7060,5.4918,0.3498,2.4342,0.1420,6.4195,0.4088,2.2394,0.9956,6.4676,0.8306,0.7992,0.0001,0.8039,0.0001,0.8001,0.0007,0.8036,0.0002,25.8309,2.5104,74.1691,2.5104,24.3103,2.9384,75.6897,2.9384
382,129634.1980,19682.3148,537876.7543,69726.2105,116999.8570,27893.5058,542136.8913,70180.6514,0.0022,0.0002,0.0056,0.0008,0.0021,0.0003,0.0062,0.0008,3.5260,0.1249,5.1489,0.1318,3.5122,0.3687,4.9490,0.1064,2.6266,0.1876,5.6743,0.2896,2.6298,0.5642,5.2359,0.2289,0.7993,0.0002,0.8039,0.0002,0.8000,0.0007,0.8035,0.0001,19.4727,2.4857,80.5273,2.4857,17.7489,3.5925,82.2511,3.5925
384,97558.0015,18416.3360,532745.4660,27593.2035,83617.3269,19792.6361,541342.7641,27618.5839,0.0018,0.0003,0.0058,0.0003,0.0017,0.0002,0.0064,0.0003,3.5307,0.1381,4.9418,0.1095,3.7889,0.6630,4.4701,0.3366,2.6355,0.2079,5.2256,0.2301,3.1086,1.1410,4.2925,0.6408,0.7994,0.0001,0.8038,0.0001,0.8000,0.0008,0.8038,0.0003,15.4528,2.7472,84.5472,2.7472,13.3385,2.9937,86.6615,2.9937
386,75213.8229,8145.8864,561124.4629,61850.5636,66867.2585,9310.7177,570292.4843,63886.3098,0.0014,0.0001,0.0063,0.0008,0.0013,0.0001,0.0068,0.0007,3.7363,0.1752,4.7941,0.0616,3.3632,0.7124,4.2146,0.0952,2.9545,0.2827,4.9180,0.1280,2.4825,1.0705,3.8011,0.1687,0.7996,0.0001,0.8039,0.0001,0.8008,0.0007,0.8038,0.0001,11.9318,1.9814,88.0682,1.9814,10.5665,1.7549,89.4335,1.7549
388,63741.6440,11597.5877,608021.4065,35562.3047,57992.6014,14561.8467,620819.7386,35841.8901,0.0012,0.0001,0.0069,0.0005,0.0012,0.0001,0.0075,0.0005,3.8388,0.1770,4.7411,0.0671,3.6186,0.5632,4.2572,0.2129,3.1203,0.2871,4.8085,0.1365,2.8287,0.8288,3.8826,0.3860,0.7998,0.0002,0.8038,0.0001,0.8008,0.0006,0.8037,0.0002,9.5279,1.9396,90.4721,1.9396,8.5757,2.2689,91.4243,2.2689
390,34036.4457,8934.6154,583361.7549,36206.0182,21787.7296,14866.5070,596532.0233,37176.1973,0.0008,0.0001,0.0067,0.0004,0.0009,0.0001,0.0071,0.0005,3.4354,0.3239,4.6693,0.0406,4.8106,0.6664,4.2572,0.3366,2.5125,0.4887,4.6637,0.0810,4.9602,1.3105,3.8956,0.6089,0.7998,0.0001,0.8038,0.0001,0.7994,0.0003,0.8038,0.0004,5.5457,1.5341,94.4543,1.5341,3.5545,2.3697,96.4455,2.3697
392,36730.7494,11255.4181,612909.3456,60088.3205,26557.0837,16976.3250,624246.5958,60498.3577,0.0008,0.0001,0.0070,0.0006,0.0009,0.0001,0.0074,0.0007,3.6568,0.3746,4.6781,0.0851,4.9809,0.6995,4.4701,0.3366,2.8524,0.6015,4.6825,0.1722,5.3215,1.4320,4.2907,0.6415,0.8000,0.0001,0.8038,0.0002,0.7996,0.0006,0.8036,0.0002,5.5677,1.0590,94.4323,1.0590,3.9133,1.9547,96.0867,1.9547
394,25117.4908,6405.6854,609916.1286,45427.4961,14827.7399,12583.2867,621710.1837,44037.0774,0.0008,0.0001,0.0070,0.0004,0.0009,0.0001,0.0073,0.0004,3.0775,0.2736,4.6697,0.0694,4.2572,0.4515,4.5552,0.2856,2.0148,0.3563,4.6652,0.1372,3.8626,0.7972,4.4509,0.5531,0.7998,0.0001,0.8038,0.0001,0.7996,0.0004,0.8037,0.0001,3.9302,0.8531,96.0698,0.8531,2.2552,1.9371,97.7448,1.9371
396,25873.0882,6678.3933,615482.6341,34573.1220,15446.7305,10442.1417,626184.5569,34598.0415,0.0008,0.0001,0.0071,0.0003,0.0009,0.0001,0.0073,0.0003,3.0558,0.2433,4.6602,0.0408,3.9166,0.2856,4.3424,0.1166,1.9842,0.3119,4.6455,0.0801,3.2552,0.4705,4.0355,0.2155,0.7999,0.0000,0.8038,0.0001,0.7997,0.0002,0.8038,0.0002,3.9998,0.8443,96.0002,0.8443,2.3331,1.5212,97.6669,1.5212
398,28952.2713,8889.1391,582392.3777,37704.4280,18139.1425,18956.6571,592072.9914,39465.0344,0.0009,0.0001,0.0066,0.0004,0.0009,0.0001,0.0069,0.0004,3.0468,0.4948,4.7444,0.0475,3.7038,0.5126,4.6829,0.1505,2.0034,0.6498,4.8148,0.0961,2.9430,0.7809,4.6904,0.2990,0.7997,0.0003,0.8038,0.0001,0.7997,0.0003,0.8035,0.0002,4.7056,1.2805,95.2944,1.2805,2.8572,2.9957,97.1428,2.9957
400,29890.7793,1452.2072,608064.0628,31309.7641,20103.9470,6751.1006,616996.6864,29840.8182,0.0009,0.0001,0.0068,0.0003,0.0010,0.0001,0.0071,0.0003,3.0474,0.3921,4.7840,0.0498,3.8315,0.4257,4.8958,0.2129,1.9845,0.5246,4.8975,0.1022,3.1240,0.6885,5.1301,0.4402,0.7997,0.0002,0.8039,0.0002,0.7993,0.0003,0.8036,0.0004,4.6860,0.0441,95.3140,0.0441,3.1241,0.9186,96.8759,0.9186
402,29207.6901,8608.9714,610521.7116,39537.4494,22520.1284,12360.2703,621750.2125,39113.2930,0.0009,0.0001,0.0069,0.0004,0.0009,0.0001,0.0073,0.0005,3.1162,0.2489,4.7573,0.0345,3.9592,0.5126,4.4701,0.2129,2.0625,0.3220,4.8410,0.0698,3.3543,0.8708,4.2811,0.4063,0.7997,0.0002,0.8038,0.0002,0.7996,0.0007,0.8038,0.0001,4.5620,1.3175,95.4380,1.3175,3.4922,1.8696,96.5078,1.8696
404,22549.4311,14536.0863,603825.0794,36860.2769,8134.9181,20216.0646,614813.6335,39944.0418,0.0008,0.0003,0.0069,0.0004,0.0008,0.0002,0.0072,0.0004,2.8808,0.4376,4.7068,0.1068,4.0443,0.6386,4.5552,0.2427,1.7870,0.5852,4.7409,0.2144,3.5260,1.1028,4.4477,0.4744,0.7998,0.0004,0.8039,0.0001,0.7998,0.0006,0.8038,0.0002,3.5383,2.1887,96.4617,2.1887,1.1508,3.1221,98.8492,3.1221
406,25256.8173,9868.9692,621007.4633,52969.0838,15603.0237,11694.2211,631910.8883,53764.8568,0.0008,0.0002,0.0071,0.0005,0.0009,0.0002,0.0074,0.0005,3.0557,0.2842,4.7149,0.0659,4.6829,0.7821,4.6404,0.5082,1.9878,0.3838,4.7554,0.1341,4.7282,1.6573,4.6459,1.0110,0.7998,0.0002,0.8038,0.0002,0.7991,0.0003,0.8036,0.0004,3.8821,1.4840,96.1179,1.4840,2.3465,1.7589,97.6535,1.7589
408,16970.3274,7096.0050,595627.4150,61202.8177,5714.0807,11792.8207,607525.5002,62749.3299,0.0006,0.0000,0.0069,0.0007,0.0007,0.0001,0.0073,0.0007,3.2153,0.3888,4.6563,0.0408,4.5552,0.4414,4.5978,0.3228,2.2127,0.5300,4.6373,0.0805,4.4176,0.8038,4.5355,0.6480,0.8001,0.0003,0.8038,0.0002,0.7998,0.0011,0.8035,0.0002,2.8119,1.2338,97.1881,1.2338,0.9728,1.9099,99.0272,1.9099
410,12184.1242,6459.6012,578922.1981,14029.0725,-996.0264,8463.6500,591926.1039,12710.1178,0.0005,0.0001,0.0068,0.0002,0.0006,0.0001,0.0072,0.0002,3.1631,0.1679,4.6053,0.0282,4.7681,0.4414,4.4701,0.3010,2.1225,0.2238,4.5368,0.0544,4.8420,0.8869,4.2867,0.5820,0.8002,0.0004,0.8038,0.0001,0.8001,0.0007,0.8036,0.0003,2.0567,1.0640,97.9433,1.0640,-0.1901,1.4144,100.1901,1.4144
412,11109.3937,7733.5763,586275.2090,33007.0703,4522.5543,11832.7127,598945.8968,32530.9351,0.0005,0.0001,0.0069,0.0003,0.0006,0.0001,0.0073,0.0003,3.2867,0.5488,4.5811,0.0635,4.1721,0.7763,4.3849,0.3562,2.3377,0.7183,4.4898,0.1233,3.7887,1.2877,4.1322,0.6468,0.8003,0.0002,0.8038,0.0001,0.8006,0.0006,0.8037,0.0004,1.8048,1.2459,98.1952,1.2459,0.6469,2.0112,99.3531,2.0112
414,5483.6970,1817.4035,575201.2800,37739.0241,-9615.0687,6435.5475,586890.8111,36396.8945,0.0004,0.0000,0.0067,0.0004,0.0004,0.0001,0.0071,0.0004,3.1785,0.1556,4.5819,0.0270,5.2151,0.5067,4.4169,0.2678,2.1431,0.2098,4.4901,0.0518,5.7985,1.1109,4.1818,0.4949,0.8004,0.0002,0.8038,0.0001,0.8004,0.0008,0.8036,0.0003,0.9488,0.3172,99.0512,0.3172,-1.6354,1.0708,101.6354,1.0708
416,7094.9810,8715.0545,577076.6237,30461.1912,-6787.5818,11429.0439,591459.7093,31228.5650,0.0004,0.0001,0.0068,0.0004,0.0005,0.0001,0.0072,0.0005,3.3478,0.4939,4.5382,0.0423,5.9601,0.6561,4.3424,0.1904,2.4159,0.7222,4.4050,0.0824,7.5922,1.6349,4.0375,0.3599,0.8006,0.0002,0.8038,0.0001,0.8004,0.0015,0.8037,0.0003,1.1893,1.4995,98.8107,1.4995,-1.1988,2.0313,101.1988,2.0313
418,4909.2173,10498.3024,614523.8456,54623.5430,-612.3424,12313.1453,626571.2698,54688.9499,0.0004,0.0001,0.0072,0.0006,0.0005,0.0001,0.0075,0.0006,2.1556,2.6855,4.6001,0.0476,5.2364,0.7465,4.4275,0.1781,2.2054,0.9752,4.5261,0.0947,5.8890,1.6432,4.1959,0.3373,0.8003,0.0002,0.8038,0.0001,0.7997,0.0005,0.8036,0.0002,0.7123,1.7151,99.2877,1.7151,-0.1994,2.0300,100.1994,2.0300
420,4397.2111,6919.0324,612008.7012,37630.0127,-6894.6359,11076.2040,625142.9702,37459.0051,0.0004,0.0001,0.0071,0.0004,0.0005,0.0001,0.0075,0.0004,3.1763,0.4192,4.6077,0.0542,6.1730,0.7526,4.3849,0.3228,2.1666,0.5662,4.5405,0.1075,8.1492,1.8397,4.1289,0.5783,0.8004,0.0003,0.8037,0.0001,0.7998,0.0005,0.8037,0.0004,0.6844,1.1099,99.3156,1.1099,-1.1629,1.7996,101.1629,1.7996
422,8500.9850,5653.1902,657948.9851,54765.6381,-2459.3247,10221.9399,670449.0326,55618.9852,0.0005,0.0001,0.0077,0.0006,0.0006,0.0001,0.0080,0.0006,3.1713,0.2769,4.6177,0.0593,5.4067,1.1522,4.2998,0.2332,2.1415,0.3628,4.5613,0.1162,6.3956,2.4368,3.9631,0.4353,0.8002,0.0003,0.8038,0.0001,0.7995,0.0011,0.8038,0.0003,1.2549,0.8336,98.7451,0.8336,-0.4449,1.6484,100.4449,1.6484
424,4145.8608,4699.2704,615246.6430,30406.2114,-8309.2172,7638.4930,629227.4431,28568.3757,0.0004,0.0001,0.0072,0.0003,0.0005,0.0001,0.0076,0.0003,3.0508,0.2509,4.5687,0.0422,5.8749,1.1423,4.1721,0.2427,1.9825,0.3198,4.4645,0.0828,7.4990,2.8106,3.7335,0.4268,0.8006,0.0001,0.8038,0.0001,0.7993,0.0010,0.8039,0.0004,0.6749,0.7855,99.3251,0.7855,-1.3539,1.2593,101.3539,1.2593
426,8591.6111,7025.5485,640097.4326,31287.0021,-2964.6696,13211.2890,655809.3977,30095.2010,0.0005,0.0000,0.0075,0.0003,0.0005,0.0000,0.0079,0.0003,3.3956,0.6595,4.6008,0.0393,5.6195,0.9106,4.2146,0.1781,2.5167,0.9943,4.5269,0.0778,6.8123,2.0501,3.8050,0.3231,0.8005,0.0002,0.8037,0.0001,0.7997,0.0004,0.8038,0.0001,1.3235,1.1035,98.6765,1.1035,-0.4866,2.0521,100.4866,2.0521
428,7630.2051,4147.1633,605006.3836,64405.7180,-4998.4469,8842.6603,617148.9441,65398.1216,0.0005,0.0001,0.0071,0.0007,0.0005,0.0001,0.0074,0.0007,3.3170,0.4063,4.5942,0.0604,5.7047,1.3580,4.2146,0.2775,2.3591,0.5792,4.5150,0.1180,7.1793,2.8679,3.8129,0.5134,0.8006,0.0002,0.8038,0.0001,0.7994,0.0009,0.8039,0.0004,1.2830,0.7609,98.7170,0.7609,-0.7779,1.4664,100.7779,1.4664
430,14572.2308,10324.6095,625076.0629,24921.0852,6615.4268,12134.5819,640823.7454,26101.3181,0.0005,0.0001,0.0073,0.0002,0.0006,0.0001,0.0077,0.0003,3.6272,0.6829,4.5909,0.0580,5.6195,0.4149,4.3424,0.2427,2.8661,0.9571,4.5091,0.1121,6.7025,0.9928,4.0422,0.4539,0.8005,0.0003,0.8039,0.0002,0.7997,0.0009,0.8037,0.0001,2.2105,1.5455,97.7895,1.5455,0.9345,1.8613,99.0655,1.8613
432,2860.1338,3345.0601,610093.2135,36847.9956,-9097.2197,7259.8387,622380.7835,37188.6518,0.0004,0.0000,0.0072,0.0004,0.0005,0.0001,0.0076,0.0004,3.1732,0.4314,4.5813,0.0483,5.9601,1.0958,4.2146,0.0952,2.1666,0.5633,4.4918,0.0955,7.7078,2.6097,3.8033,0.1686,0.8008,0.0002,0.8040,0.0001,0.7997,0.0004,0.8040,0.0001,0.4735,0.5634,99.5265,0.5634,-1.4905,1.2130,101.4905,1.2130
434,8273.7870,10488.4965,677607.1470,45999.1057,-457.8847,14582.5299,691773.0641,46229.7343,0.0004,0.0001,0.0079,0.0005,0.0005,0.0001,0.0084,0.0005,3.7558,0.4268,4.5988,0.0473,6.2581,1.6253,4.4701,0.1505,3.0232,0.6887,4.5251,0.0931,8.7406,4.3632,4.2760,0.2867,0.8010,0.0002,0.8039,0.0001,0.8005,0.0008,0.8037,0.0001,1.1521,1.4475,98.8479,1.4475,-0.1572,2.0506,100.1572,2.0506
436,3916.0876,6348.1917,615940.1784,78822.8315,-7441.6304,9133.5120,629198.3113,77332.0206,0.0004,0.0000,0.0072,0.0008,0.0004,0.0000,0.0076,0.0008,3.1057,0.7446,4.5636,0.0623,4.7361,1.0190,4.3104,0.5862,2.1329,0.9491,4.4547,0.1227,4.9155,2.0713,4.0259,1.0638,0.8007,0.0003,0.8038,0.0001,0.8006,0.0006,0.8036,0.0005,0.5834,0.9903,99.4166,0.9903,-1.3110,1.5317,101.3110,1.5317
438,1550.5280,6924.3502,654778.3613,46015.5474,-10284.5791,13277.9224,667665.7360,46527.4527,0.0004,0.0001,0.0077,0.0005,0.0004,0.0001,0.0080,0.0005,3.3698,0.2834,4.5571,0.0407,5.6408,1.1594,4.1508,0.2129,2.4222,0.4182,4.4416,0.0794,6.9545,2.8202,3.6922,0.3663,0.8011,0.0006,0.8038,0.0001,0.8008,0.0013,0.8038,0.0002,0.1919,0.9938,99.8081,0.9938,-1.6655,1.9920,101.6655,1.9920
440,6445.2632,4371.8107,637730.5036,39607.0085,870.4854,8755.7232,650933.1145,38622.0378,0.0004,0.0000,0.0074,0.0004,0.0005,0.0000,0.0079,0.0004,3.7816,0.5271,4.6088,0.0288,5.3215,1.0097,4.4275,0.1781,3.0802,0.8971,4.5431,0.0560,6.1736,2.2745,4.1959,0.3373,0.8009,0.0002,0.8038,0.0001,0.8008,0.0010,0.8036,0.0003,1.0140,0.6743,98.9860,0.6743,0.1447,1.2886,99.8553,1.2886
442,-89.7630,3722.6448,602269.3049,43690.8076,-13566.8445,6656.4026,616434.3622,44224.9685,0.0003,0.0001,0.0071,0.0005,0.0004,0.0000,0.0074,0.0005,2.0143,2.8116,4.5476,0.0606,6.4284,1.0253,4.2998,0.2775,2.2010,0.3571,4.4241,0.1201,8.9163,2.9284,3.9664,0.5135,0.8008,0.0001,0.8038,0.0002,0.8001,0.0011,0.8037,0.0003,-0.0191,0.6197,100.0191,0.6197,-2.2526,1.1266,102.2526,1.1266
444,7578.0621,4285.3534,637795.2916,68131.4916,-2389.4290,10151.8786,650714.9412,70826.3355,0.0005,0.0001,0.0074,0.0007,0.0005,0.0001,0.0078,0.0008,3.3924,0.4145,4.6181,0.0939,4.1295,1.0707,4.3424,0.2856,2.4673,0.6139,4.5623,0.1835,3.8035,1.9867,4.0453,0.5269,0.8006,0.0003,0.8038,0.0001,0.8006,0.0009,0.8037,0.0002,1.1306,0.5488,98.8694,0.5488,-0.5031,1.5678,100.5031,1.5678
446,3667.8087,2762.9459,633022.6932,60725.3256,-11838.6119,4571.0638,646161.6016,59049.7924,0.0004,0.0000,0.0074,0.0006,0.0004,0.0000,0.0078,0.0006,3.2368,0.2541,4.5972,0.0604,5.2789,1.7319,4.4701,0.0000,2.2318,0.3607,4.5211,0.1189,6.4077,3.9713,4.2709,0.0014,0.8008,0.0003,0.8038,0.0001,0.8010,0.0015,0.8036,0.0001,0.6003,0.4879,99.3997,0.4879,-1.8543,0.6743,101.8543,0.6743
448,1818.6756,4488.0787,601253.7884,30260.9167,-9408.6047,8003.9155,614156.2348,31166.1397,0.0004,0.0001,0.0071,0.0004,0.0004,0.0001,0.0074,0.0003,3.3001,0.3231,4.5414,0.0584,4.8106,0.8189,4.4275,0.1781,2.3263,0.4550,4.4121,0.1156,5.0167,1.7024,4.1952,0.3363,0.8007,0.0004,0.8038,0.0001,0.8005,0.0007,0.8036,0.0003,0.2864,0.7277,99.7136,0.7277,-1.5816,1.3520,101.5816,1.3520
450,8022.5901,5796.0430,639137.0218,50975.0428,-3456.7461,11212.3813,652559.8233,53818.6785,0.0005,0.0001,0.0075,0.0005,0.0005,0.0001,0.0078,0.0006,3.4416,0.4373,4.5929,0.0468,6.1730,1.2860,4.3424,0.3867,2.5426,0.6429,4.5122,0.0924,8.3214,3.4191,4.0571,0.7198,0.8006,0.0003,0.8038,0.0001,0.7994,0.0006,0.8037,0.0004,1.2067,0.8604,98.7933,0.8604,-0.6439,1.8462,100.6439,1.8462
452,8708.0897,8721.8251,646506.8143,67460.1136,-145.8112,15438.1223,661128.2248,67780.2643,0.0004,0.0001,0.0075,0.0007,0.0005,0.0001,0.0079,0.0007,3.6656,0.5868,4.6067,0.0631,6.0878,1.2375,4.2998,0.2332,2.9074,0.9102,4.5399,0.1234,8.0833,3.1837,3.9633,0.4236,0.8008,0.0002,0.8038,0.0001,0.7996,0.0009,0.8038,0.0001,1.2624,1.3167,98.7376,1.3167,-0.1962,2.4781,100.1962,2.4781
454,2494.5129,7046.9308,638051.4395,49655.2911,-9544.0385,10195.8680,654710.4626,51234.5165,0.0004,0.0001,0.0075,0.0005,0.0004,0.0001,0.0079,0.0005,3.5506,0.3982,4.5485,0.0462,6.1304,2.0714,4.2146,0.1781,2.7027,0.6111,4.4262,0.0914,8.6546,5.1118,3.8055,0.3225,0.8012,0.0002,0.8039,0.0001,0.7999,0.0016,0.8039,0.0002,0.3226,0.9951,99.6774,0.9951,-1.5900,1.5819,101.5900,1.5819
456,3967.6358,7099.0122,623216.6185,55059.6163,-6428.6786,10237.6550,637478.0138,58767.9281,0.0004,0.0001,0.0074,0.0006,0.0004,0.0001,0.0077,0.0007,3.5002,0.3633,4.5525,0.0214,6.2581,1.1717,4.2146,0.3498,2.6218,0.5439,4.4327,0.0409,8.5226,3.0248,3.8195,0.6176,0.8011,0.0002,0.8038,0.0001,0.8003,0.0005,0.8038,0.0003,0.5975,1.0682,99.4025,1.0682,-1.1088,1.5698,101.1088,1.5698
458,5742.2601,8378.4919,641568.0191,56768.1589,-3565.1058,12032.7043,655349.1010,56897.4291,0.0004,0.0001,0.0075,0.0006,0.0004,0.0001,0.0079,0.0006,3.8173,0.6472,4.5740,0.0479,6.0878,1.3000,4.3849,0.3562,3.1643,1.0210,4.4767,0.0942,8.1268,3.5145,4.1336,0.6487,0.8012,0.0005,0.8039,0.0002,0.8001,0.0008,0.8038,0.0002,0.8412,1.2888,99.1588,1.2888,-0.6499,1.9473,100.6499,1.9473
460,-1148.6533,11045.4771,606497.9861,29991.2728,-2876.1434,12484.2523,620463.3581,30128.8579,0.0003,0.0001,0.0072,0.0003,0.0004,0.0001,0.0076,0.0004,1.3712,3.7509,4.5170,0.0403,5.9601,0.7821,4.2572,0.2607,2.7876,1.8189,4.3637,0.0775,7.6143,1.8573,3.8868,0.4821,0.8011,0.0004,0.8038,0.0001,0.7999,0.0005,0.8037,0.0004,-0.2773,1.7387,100.2773,1.7387,-0.5706,1.9260,100.5706,1.9260
462,4444.3534,3939.4488,616428.9613,9512.3556,-6379.0415,3101.1571,631408.4703,12407.6128,0.0004,0.0001,0.0073,0.0001,0.0004,0.0000,0.0077,0.0002,3.7229,0.1271,4.5204,0.0162,6.3858,0.7675,4.2572,0.0000,2.9436,0.2017,4.3712,0.0313,8.7141,2.1128,3.8773,0.0000,0.8011,0.0001,0.8039,0.0000,0.8003,0.0004,0.8039,0.0000,0.7068,0.6254,99.2932,0.6254,-1.0275,0.5183,101.0275,0.5183
464,4532.8665,5906.4574,629127.9016,36833.3774,-4911.2329,8743.6951,643194.6476,39604.4227,0.0004,0.0000,0.0074,0.0004,0.0005,0.0000,0.0078,0.0005,3.6619,0.4868,4.5961,0.0369,5.5344,1.1947,4.4275,0.2775,2.8846,0.7616,4.5180,0.0718,6.7199,2.6853,4.2029,0.5177,0.8009,0.0003,0.8038,0.0001,0.8002,0.0008,0.8036,0.0002,0.7429,0.9416,99.2571,0.9416,-0.7486,1.3491,100.7486,1.3491
466,9837.3538,6845.0762,645091.5063,41820.6924,939.0358,7111.3117,661731.0596,42782.7101,0.0004,0.0001,0.0075,0.0004,0.0005,0.0001,0.0079,0.0004,3.9199,0.2625,4.6035,0.0654,5.1087,1.9509,4.3991,0.4431,3.2698,0.4430,4.5341,0.1275,6.0691,4.4752,4.1664,0.8471,0.8010,0.0003,0.8039,0.0001,0.8014,0.0018,0.8038,0.0004,1.5139,1.0454,98.4861,1.0454,0.1324,1.0743,99.8676,1.0743
468,1014.2222,4617.7920,658640.1973,40862.7639,-13476.0515,8259.8589,674154.7896,42660.6317,0.0004,0.0001,0.0078,0.0004,0.0004,0.0001,0.0081,0.0004,3.3065,0.1781,4.5633,0.0508,5.8324,1.8654,4.2998,0.2332,2.3255,0.2467,4.4546,0.0988,7.7829,4.2952,3.9627,0.4370,0.8011,0.0004,0.8038,0.0001,0.8009,0.0024,0.8037,0.0001,0.1298,0.6842,99.8702,0.6842,-2.0682,1.3152,102.0682,1.3152
470,7163.8271,8281.8567,630558.0360,46025.7895,-842.1368,11806.6458,644638.9141,47671.9432,0.0004,0.0001,0.0074,0.0005,0.0004,0.0001,0.0078,0.0005,2.3563,3.4674,4.5643,0.0750,7.2905,0.9093,4.2040,0.2678,3.0915,1.1299,4.4575,0.1455,11.3690,2.7843,3.7915,0.4710,0.8011,0.0001,0.8039,0.0001,0.7999,0.0009,0.8038,0.0002,1.0452,1.2679,98.9548,1.2679,-0.2587,1.9225,100.2587,1.9225
472,5210.9782,5720.5945,587220.0383,20638.9846,-5318.3858,10831.4727,601728.1996,24179.4080,0.0004,0.0001,0.0069,0.0003,0.0004,0.0001,0.0073,0.0003,3.5719,0.4926,4.5606,0.0408,5.1087,0.9031,4.5233,0.3635,2.7448,0.7377,4.4479,0.0786,5.6508,1.9721,4.3922,0.6887,0.8009,0.0002,0.8037,0.0001,0.8003,0.0012,0.8034,0.0003,0.8613,0.9656,99.1387,0.9656,-0.9471,1.9039,100.9471,1.9039
474,-548.2469,4150.4636,631013.0328,47930.6834,-12986.1164,7537.8557,644580.4365,49588.6114,0.0003,0.0001,0.0074,0.0005,0.0004,0.0001,0.0078,0.0006,3.2742,0.2628,4.5592,0.0428,5.5769,0.7281,4.2572,0.3982,2.2867,0.3699,4.4474,0.0842,6.6868,1.6612,3.9043,0.7286,0.8011,0.0002,0.8039,0.0001,0.8010,0.0012,0.8039,0.0004,-0.1073,0.6425,100.1073,0.6425,-2.1089,1.2835,102.1089,1.2835
476,1716.9959,5248.0006,590437.6413,43987.4012,-9564.8256,5807.7624,602295.9157,43663.5132,0.0003,0.0001,0.0070,0.0005,0.0004,0.0001,0.0073,0.0005,2.2630,2.8845,4.5486,0.0458,5.4067,0.7616,4.2572,0.1505,2.4986,0.4378,4.4252,0.0891,6.2941,1.7585,3.8793,0.2711,0.8010,0.0002,0.8038,0.0001,0.8009,0.0011,0.8037,0.0003,0.3003,0.8910,99.6997,0.8910,-1.5792,0.9064,101.5792,0.9064
478,4371.1617,11374.3136,624089.3465,41735.2293,-1782.2702,14679.8644,638682.2989,41419.3117,0.0004,0.0001,0.0073,0.0004,0.0004,0.0001,0.0078,0.0004,2.5705,3.0226,4.5706,0.0626,5.0235,2.3395,4.3424,0.2427,2.9537,1.3182,4.4688,0.1225,6.2691,5.3046,4.0415,0.4522,0.8012,0.0003,0.8038,0.0001,0.8016,0.0022,0.8037,0.0002,0.5980,1.7849,99.4020,1.7849,-0.3765,2.2904,100.3765,2.2904
480,515.7451,3626.3284,600798.3408,41739.8561,-11971.0253,6488.4429,616724.7017,42279.2764,0.0003,0.0001,0.0072,0.0005,0.0004,0.0000,0.0075,0.0005,1.7712,3.4181,4.5019,0.0432,6.1197,1.5288,4.4701,0.1738,2.5275,0.3486,4.3359,0.0830,8.3034,3.8561,4.2771,0.3311,0.8014,0.0003,0.8039,0.0001,0.8008,0.0013,0.8037,0.0001,0.0669,0.5685,99.9331,0.5685,-1.9885,1.0704,101.9885,1.0704
482,-227.1757,6225.1082,600542.8896,24839.9464,-12389.9433,11791.4865,614219.8433,25667.5195,0.0003,0.0000,0.0071,0.0003,0.0004,0.0001,0.0075,0.0003,3.3306,0.5923,4.5355,0.0257,6.2581,0.7616,4.3424,0.1166,2.4148,0.9140,4.3998,0.0496,8.4054,2.0306,4.0327,0.2167,0.8013,0.0003,0.8038,0.0001,0.8011,0.0009,0.8036,0.0001,-0.0682,0.9924,100.0682,0.9924,-2.1376,1.9549,102.1376,1.9549
