scan_phase_rad,port_b_abs_mean,port_b_abs_std,port_b_norm_mean,port_b_norm_std,loss_mean
0.000000000000000000e+00,3.276939640662627218e-01,2.283261968118228680e-01,3.666075191907666730e-01,2.554398608407660309e-01,1.061450000000000587e-01
5.235987755982988295e-02,3.285217064724882396e-01,2.192629770525814370e-01,3.675335557472836912e-01,2.453003865868418065e-01,1.061450000000000726e-01
1.047197551196597659e-01,3.377578406677397282e-01,2.281429807002433030e-01,3.778664779720869449e-01,2.552348878735850035e-01,1.061450000000000726e-01
1.570796326794896558e-01,3.542095202775673024e-01,2.462447149120631229e-01,3.962717893590878004e-01,2.754861973273776132e-01,1.061450000000000726e-01
2.094395102393195318e-01,3.690771513991240038e-01,2.491356047615251312e-01,4.129049469982536413e-01,2.787203794368495746e-01,1.061450000000000726e-01
2.617993877991494078e-01,3.810889466000948467e-01,2.481341381828924553e-01,4.263431390998482784e-01,2.775999890171140239e-01,1.061450000000000726e-01
3.141592653589793116e-01,4.228428092289114870e-01,2.602072530099128200e-01,4.730552597780530166e-01,2.911067824310574204e-01,1.061450000000000726e-01
3.665191429188091599e-01,4.512559675415370730e-01,2.658293509216332895e-01,5.048424717001493978e-01,2.973965027008108608e-01,1.061450000000001004e-01
4.188790204786390636e-01,4.938210937218238117e-01,2.578976880576819286e-01,5.524621932212985254e-01,2.885229573674499282e-01,1.061450000000000587e-01
4.712388980384689674e-01,5.212261427705638939e-01,2.508573273439966278e-01,5.831215832216229966e-01,2.806465560342523702e-01,1.061450000000000865e-01
5.235987755982988157e-01,5.596949345916095719e-01,2.388224719898806858e-01,6.261585319672762218e-01,2.671825653935825384e-01,1.061450000000000726e-01
5.759586531581286639e-01,5.815870266446504511e-01,2.378205127185721579e-01,6.506503030633049578e-01,2.660616237740709433e-01,1.061450000000000726e-01
6.283185307179586232e-01,6.033936618832245191e-01,2.286777204005107367e-01,6.750464693750377609e-01,2.558331277450042185e-01,1.061450000000000865e-01
6.806784082777884715e-01,5.931449400475651279e-01,2.385508430798193580e-01,6.635807150461373594e-01,2.668786806359189634e-01,1.061450000000000726e-01
7.330382858376183197e-01,5.988802293907959928e-01,2.321790212435503320e-01,6.699970681942776229e-01,2.597502069614762710e-01,1.061450000000000587e-01
7.853981633974482790e-01,6.105089053467568361e-01,2.209076879300551355e-01,6.830066457610650676e-01,2.471404063635099235e-01,1.061450000000000587e-01
8.377580409572781273e-01,6.029650974083932136e-01,2.267097252647818362e-01,6.745670130036676149e-01,2.536314338061340101e-01,1.061450000000000726e-01
8.901179185171079755e-01,5.897899791874485764e-01,2.379838747211460992e-01,6.598273536395150574e-01,2.662443849630489745e-01,1.061450000000000726e-01
9.424777960769379348e-01,5.825805025168823148e-01,2.429566825982674982e-01,6.517617538827690238e-01,2.718077122108927268e-01,1.061450000000000726e-01
9.948376736367677831e-01,5.694917828179326680e-01,2.346269964107859651e-01,6.371187528379129716e-01,2.624888784095697480e-01,1.061450000000000865e-01
1.047197551196597631e+00,5.221332601984828292e-01,2.592890486255340909e-01,5.841364205586844216e-01,2.900795415649451980e-01,1.061450000000000726e-01
1.099557428756427591e+00,5.102928283678802579e-01,2.582550538364937753e-01,5.708899411737702323e-01,2.889227602200511447e-01,1.061450000000000865e-01
1.151917306316257328e+00,4.753338503339232246e-01,2.620649450226515409e-01,5.317795954980654161e-01,2.931850747857892014e-01,1.061450000000001004e-01
1.204277183876087287e+00,4.474270244325840862e-01,2.632101604740058054e-01,5.005588428017789804e-01,2.944662842116516077e-01,1.061450000000000726e-01
1.256637061435917246e+00,4.133756665252713569e-01,2.517121234121159623e-01,4.624638968571763153e-01,2.816028588665007160e-01,1.061450000000000726e-01
1.308996938995746984e+00,3.814705855516715705e-01,2.541296160026365047e-01,4.267700975568426980e-01,2.843074279414855021e-01,1.061450000000001004e-01
1.361356816555576943e+00,3.674775674481302601e-01,2.479202056543857169e-01,4.111154129563859283e-01,2.773606520681606846e-01,1.061450000000000865e-01
1.413716694115406902e+00,3.317136269052911035e-01,2.499186965901938062e-01,3.711045157271494754e-01,2.795964631737740680e-01,1.061450000000000865e-01
1.466076571675236639e+00,3.325408981523343965e-01,2.328105709898206921e-01,3.720300251744795839e-01,2.604567530414001464e-01,1.061450000000000587e-01
1.518436449235066599e+00,3.305137029576570851e-01,2.262554291887973190e-01,3.697621011882879505e-01,2.531231902140698153e-01,1.061450000000000587e-01
1.570796326794896558e+00,3.215790932260615409e-01,2.294729814431620274e-01,3.597665093623256261e-01,2.567228257862427809e-01,1.061450000000000449e-01
1.623156204354726295e+00,3.158061342603691313e-01,2.229999897093020156e-01,3.533080133359092212e-01,2.494811683207030506e-01,1.061450000000000726e-01
1.675516081914556255e+00,3.460415719957651293e-01,2.408844816751040674e-01,3.871338997888529865e-01,2.694894380801182154e-01,1.061450000000000726e-01
1.727875959474386214e+00,3.464858035909038625e-01,2.407139926828112397e-01,3.876308837461376888e-01,2.692987035736347234e-01,1.061450000000000726e-01
1.780235837034215951e+00,3.669682902768835464e-01,2.498393169561571314e-01,4.105456592812968819e-01,2.795076572331722242e-01,1.061450000000000726e-01
1.832595714594045910e+00,3.966301948041224268e-01,2.561532397660977733e-01,4.437299056380761275e-01,2.865713563901279293e-01,1.061450000000000726e-01
1.884955592153875870e+00,4.225724648695346475e-01,2.572410740876904800e-01,4.727528121110635695e-01,2.877883706951245291e-01,1.061450000000000865e-01
1.937315469713705607e+00,4.667097159822480856e-01,2.607372976906353612e-01,5.221313479056984841e-01,2.916997697508381115e-01,1.061450000000000587e-01
1.989675347273535566e+00,4.933424090989012023e-01,2.569354586369472782e-01,5.519266649500211841e-01,2.874464635057669137e-01,1.061450000000000726e-01
2.042035224833365525e+00,5.340191078083476039e-01,2.547554449835153223e-01,5.974337088323584677e-01,2.850075739169276590e-01,1.061450000000001004e-01
2.094395102393195263e+00,5.251934777131086474e-01,2.527411574977053710e-01,5.875600379402797779e-01,2.827540904259699950e-01,1.061450000000000726e-01
2.146754979953025000e+00,5.799133625115145962e-01,2.446854885093371346e-01,6.487778918409748963e-01,2.737418132799359638e-01,1.061450000000000726e-01
2.199114857512855181e+00,5.798167113565289021e-01,2.419989593423770291e-01,6.486697633917458683e-01,2.707362596197113169e-01,1.061450000000000726e-01
2.251474735072684918e+00,6.100847373184093980e-01,2.365191142603743912e-01,6.825321079128151558e-01,2.646056846584450284e-01,1.061450000000000726e-01
2.303834612632514656e+00,6.072032885890378262e-01,2.279155565386231930e-01,6.793084880534738801e-01,2.549804571643311535e-01,1.061450000000000587e-01
2.356194490192344837e+00,6.074973578174263089e-01,2.249494128928266057e-01,6.796374779102050123e-01,2.516620848938884158e-01,1.061450000000000726e-01
2.408554367752174574e+00,6.170936279506222810e-01,2.229913951179801068e-01,6.903733021022674388e-01,2.494715531243659745e-01,1.061450000000000587e-01
2.460914245312004311e+00,6.141372649244543069e-01,2.179813063406147444e-01,6.870658718969568923e-01,2.438665178811046386e-01,1.061450000000001004e-01
2.513274122871834493e+00,5.712726649728951944e-01,2.437494653618260676e-01,6.391111141884256996e-01,2.726946376781760883e-01,1.061450000000000449e-01
2.565634000431664230e+00,5.591018656980886181e-01,2.459178915373073093e-01,6.254950363292578475e-01,2.751205637797040637e-01,1.061450000000000726e-01
2.617993877991493967e+00,5.281008887609827118e-01,2.494584876425193221e-01,5.908127031352765623e-01,2.790816045583672245e-01,1.061450000000000865e-01
2.670353755551324149e+00,5.021607466686864862e-01,2.645918073610862842e-01,5.617921773315431855e-01,2.960120012318400162e-01,1.061450000000001004e-01
2.722713633111153886e+00,4.639814608767630078e-01,2.580185921176951780e-01,5.190791133648778866e-01,2.886582187465475124e-01,1.061450000000000726e-01
2.775073510670983623e+00,4.684416820526389746e-01,2.605883922163597655e-01,5.240689844019877919e-01,2.915331817983451423e-01,1.061450000000000587e-01
2.827433388230813804e+00,4.187778218367264604e-01,2.565487679961219181e-01,4.685075564120875224e-01,2.870138534730151680e-01,1.061450000000001004e-01
2.879793265790643542e+00,3.818140373573669644e-01,2.522958862509214195e-01,4.271543341563978080e-01,2.822559433587343292e-01,1.061450000000000726e-01
2.932153143350473279e+00,3.639492021040713343e-01,2.346623008333096339e-01,4.071680553379143364e-01,2.625283752211596267e-01,1.061450000000000726e-01
2.984513020910303460e+00,3.437256470489044591e-01,2.399368051128251689e-01,3.845429594832545650e-01,2.684292252242535537e-01,1.061450000000000726e-01
3.036872898470133197e+00,3.287635276017834562e-01,2.321220342673549208e-01,3.678040930595940505e-01,2.596864527997884697e-01,1.061450000000000726e-01
3.089232776029962935e+00,3.219462247212447892e-01,2.235316769082781319e-01,3.601772376070446202e-01,2.500759932072630365e-01,1.061450000000000587e-01
3.141592653589793116e+00,3.197803500202723304e-01,2.246638417885074290e-01,3.577541659668205254e-01,2.513426023107858120e-01,1.061450000000000587e-01
3.193952531149622853e+00,3.328796027548548420e-01,2.307474530266403756e-01,3.724089508419764494e-01,2.581486404692487913e-01,1.061450000000000865e-01
3.246312408709452590e+00,3.438172333566465455e-01,2.316905403834246258e-01,3.846454216362235057e-01,2.592037191529102946e-01,1.061450000000000726e-01
3.298672286269282772e+00,3.519186121942970980e-01,2.401303692139375445e-01,3.937088366617595980e-01,2.686457750014684120e-01,1.061450000000000587e-01
3.351032163829112509e+00,3.834073829856949889e-01,2.481322657921640751e-01,4.289368890767462639e-01,2.775978942805758520e-01,1.061450000000000726e-01
3.403392041388942246e+00,3.898934431346105511e-01,2.472027761511602917e-01,4.361931668275174090e-01,2.765580280371651711e-01,1.061450000000001004e-01
3.455751918948772428e+00,4.344270198400287386e-01,2.519660876199366628e-01,4.860150917542875870e-01,2.818869812440906730e-01,1.061450000000000587e-01
3.508111796508602165e+00,4.596418520248827244e-01,2.642766989754184448e-01,5.142241773272876459e-01,2.956594738245223453e-01,1.061450000000000726e-01
3.560471674068431902e+00,4.889877213803905387e-01,2.619670651788802984e-01,5.470548594351326566e-01,2.930755717413677797e-01,1.061450000000000726e-01
3.612831551628262083e+00,5.123617751023187283e-01,2.480267053442817282e-01,5.732045746819324217e-01,2.774797985627218133e-01,1.061450000000000726e-01
3.665191429188091821e+00,5.363504511077320513e-01,2.528828015102125293e-01,6.000418984149913371e-01,2.829125546203943298e-01,1.061450000000000726e-01
3.717551306747921558e+00,5.647927811518982377e-01,2.436861567375307180e-01,6.318617462025699627e-01,2.726238111746656090e-01,1.061450000000000865e-01
3.769911184307751739e+00,5.912371183912680239e-01,2.296735100553416731e-01,6.614463401684479438e-01,2.569471671080227893e-01,1.061450000000000449e-01
3.822271061867581476e+00,6.087312397649600193e-01,2.268746387491084870e-01,6.810178829507694820e-01,2.538159307148346033e-01,1.061450000000000726e-01
3.874630939427411214e+00,5.898103336603460756e-01,2.354901736523061229e-01,6.598501251996644612e-01,2.634545576769231623e-01,1.061450000000000726e-01
3.926990816987241395e+00,6.125968332383943116e-01,2.172832967164080864e-01,6.853425144328714191e-01,2.430856198336509844e-01,1.061450000000000726e-01
3.979350694547071132e+00,6.212415613192104891e-01,2.247263749357372442e-01,6.950138012532351972e-01,2.514125612495732298e-01,1.061450000000000726e-01
4.031710572106900869e+00,5.985797387408633430e-01,2.242494446324029000e-01,6.696608943742143882e-01,2.508789956227832629e-01,1.061450000000000726e-01
4.084070449666731051e+00,5.958495101594901699e-01,2.287894722929044444e-01,6.666064520078648359e-01,2.559581501394571079e-01,1.061450000000000726e-01
4.136430327226560344e+00,5.583397184666375468e-01,2.407419863859668885e-01,6.246423843538803089e-01,2.693300215202318881e-01,1.061450000000000726e-01
4.188790204786390525e+00,5.201271182066961041e-01,2.519166374486179194e-01,5.818920498366021432e-01,2.818316588804873346e-01,1.061450000000000726e-01
4.241150082346220707e+00,5.314684522562483915e-01,2.534772180776533324e-01,5.945801637360068614e-01,2.835775579681865111e-01,1.061450000000000726e-01
4.293509959906050000e+00,4.766259086392334310e-01,2.548363284040876531e-01,5.332250853205871000e-01,2.850980622182430757e-01,1.061450000000000726e-01
4.345869837465880181e+00,4.562989656636307068e-01,2.616429546799735606e-01,5.104843242624707012e-01,2.927129732226967374e-01,1.061450000000000726e-01
4.398229715025710362e+00,4.104047726231887516e-01,2.567986698066974105e-01,4.591402102390083617e-01,2.872934310449652973e-01,1.061450000000000726e-01
4.450589592585539656e+00,3.898951453573004100e-01,2.414452470005442608e-01,4.361950711886160570e-01,2.701167941115105720e-01,1.061450000000000726e-01
4.502949470145369837e+00,3.665844258728701566e-01,2.459264712353665394e-01,4.101162111000891120e-01,2.751301623142081709e-01,1.061450000000000726e-01
4.555309347705200018e+00,3.320036543174101351e-01,2.415556342595338302e-01,3.714289838032008850e-01,2.702402898227719841e-01,1.061450000000000726e-01
4.607669225265029311e+00,3.325001632753543657e-01,2.164344924886270616e-01,3.719844530436753338e-01,2.421360203708957937e-01,1.061450000000000726e-01
4.660029102824859493e+00,3.242464305513339529e-01,2.260483768239985869e-01,3.627505921557008239e-01,2.528915504460998442e-01,1.061450000000000726e-01
4.712388980384689674e+00,3.207109530505003470e-01,2.209723310837264920e-01,3.587952778140753307e-01,2.472127258713398834e-01,1.061450000000001004e-01
4.764748857944518967e+00,3.268074907518191408e-01,2.225232212817798150e-01,3.656157774491602952e-01,2.489477837924270187e-01,1.061450000000000449e-01
4.817108735504349148e+00,3.401548737049256976e-01,2.313743051192730105e-01,3.805481579282163351e-01,2.588499310506435780e-01,1.061450000000000726e-01
4.869468613064179330e+00,3.570791037066134987e-01,2.436456069276665970e-01,3.994821349174234038e-01,2.725784460876390924e-01,1.061450000000000865e-01
4.921828490624008623e+00,3.864481243311697067e-01,2.495698763720683167e-01,4.323387175002318394e-01,2.792062206645018474e-01,1.061450000000000726e-01
4.974188368183838804e+00,3.948147839321912711e-01,2.510244582002316149e-01,4.416989152963191057e-01,2.808335336270778027e-01,1.061450000000000726e-01
5.026548245743668986e+00,4.294467806091386008e-01,2.534036161737350801e-01,4.804434506817533701e-01,2.834952158613366358e-01,1.061450000000000726e-01
5.078908123303498279e+00,4.441877156044901631e-01,2.570732581434313491e-01,4.969348670695921122e-01,2.876006266602876282e-01,1.061450000000000865e-01
5.131268000863328460e+00,4.781026215218056041e-01,2.607592657341823994e-01,5.348771573933195356e-01,2.917243464926441709e-01,1.061450000000000726e-01
5.183627878423158641e+00,5.288385807312877551e-01,2.536838468116989209e-01,5.916379957949418067e-01,2.838087237993845990e-01,1.061450000000000726e-01
5.235987755982987935e+00,5.493436260483983702e-01,2.478355233690240911e-01,6.145780087915807544e-01,2.772659137880574831e-01,1.061450000000000726e-01
5.288347633542818116e+00,5.601111675144927471e-01,2.596408933408273501e-01,6.266241924187847534e-01,2.904731677294721814e-01,1.061450000000000865e-01
5.340707511102648297e+00,5.828590322409031854e-01,2.369141034112010047e-01,6.520733589238781880e-01,2.650475786466496841e-01,1.061450000000001004e-01
5.393067388662477590e+00,5.973675307738363083e-01,2.271840697484733829e-01,6.683047370925221387e-01,2.541621065480121899e-01,1.061450000000000865e-01
5.445427266222307772e+00,6.001791804562334187e-01,2.299815007853260596e-01,6.714502692900230496e-01,2.572917316402840160e-01,1.061450000000000726e-01
5.497787143782137953e+00,6.178449488196867678e-01,2.210075306857834931e-01,6.912138420881316359e-01,2.472521054150656761e-01,1.061450000000000726e-01
5.550147021341967246e+00,6.119720256484695309e-01,2.258726012589905574e-01,6.846435111382377370e-01,2.526949015880546323e-01,1.061450000000000449e-01
5.602506898901797427e+00,5.975301930137215667e-01,2.272994447567823206e-01,6.684867154222122743e-01,2.542911823022551698e-01,1.061450000000000726e-01
5.654866776461627609e+00,5.901324128148338621e-01,2.384173313407424444e-01,6.602104511524060637e-01,2.667293144198359944e-01,1.061450000000001004e-01
5.707226654021456902e+00,5.706064847153895503e-01,2.449989832048763694e-01,6.383658252349537765e-01,2.740925353719299018e-01,1.061450000000000726e-01
5.759586531581287083e+00,5.344181689245445233e-01,2.538646326216189020e-01,5.978801583305397571e-01,2.840109778673486352e-01,1.061450000000000726e-01
5.811946409141117265e+00,5.139387146614423640e-01,2.578494435023851450e-01,5.749687753175205529e-01,2.884689837863916861e-01,1.061450000000000726e-01
5.864306286700946558e+00,4.737497954537569500e-01,2.589592441653983390e-01,5.300074345992995539e-01,2.897105729289407572e-01,1.061450000000000726e-01
5.916666164260776739e+00,4.556139654379113280e-01,2.617765166864316484e-01,5.097179804754813359e-01,2.928623956753966806e-01,1.061450000000000865e-01
5.969026041820606920e+00,4.064732209529136053e-01,2.691089535978203329e-01,4.547417880449441951e-01,3.010655571628735871e-01,1.061450000000000726e-01
6.021385919380436214e+00,3.598618293722513628e-01,2.403586221619788132e-01,4.025953083802757959e-01,2.689011329152701801e-01,1.061450000000000587e-01
6.073745796940266395e+00,3.699602982959357966e-01,2.420442167326156968e-01,4.138929673111811369e-01,2.707868913108006370e-01,1.061450000000000726e-01
6.126105674500096576e+00,3.227576282391440565e-01,2.273718013766135027e-01,3.610849950373876682e-01,2.543721312479244601e-01,1.061450000000000726e-01
6.178465552059925869e+00,3.380187202512693334e-01,2.337230014153381663e-01,3.781583369240753556e-01,2.614775342928530311e-01,1.061450000000000726e-01
6.230825429619756051e+00,3.133189717677191122e-01,2.285133456921601691e-01,3.505255010798385973e-01,2.556492335917572301e-01,1.061450000000000726e-01
6.283185307179586232e+00,3.145132545103476729e-01,2.254296549249591719e-01,3.518616045223751931e-01,2.521993555162293510e-01,1.061450000000000865e-01
